Nom_Barri,Any,Trimestre,Eur,m2,Accidents
el Raval,2016,1,624.42,53.59828326180257,61
el Barri Gòtic,2016,1,893.42,66.32665181885672,32
la Barceloneta,2016,1,638.75,36.921965317919074,34
"Sant Pere, Santa Caterina i la Ribera",2016,1,759.16,58.6676970633694,49
el Fort Pienc,2016,1,800.08,71.49955317247543,53
la Sagrada Família,2016,1,752.37,62.333885666942834,177
la Dreta de l'Eixample,2016,1,1104.26,89.55879967558799,184
l'Antiga Esquerra de l'Eixample,2016,1,947.3,79.53820319059614,153
la Nova Esquerra de l'Eixample,2016,1,811.62,70.51433536055605,79
Sant Antoni,2016,1,805.89,69.23453608247422,71
el Poble Sec,2016,1,622.24,53.54905335628228,102
la Marina de Port,2016,1,447.57,61.81906077348066,24
la Font de la Guatlla,2016,1,638.73,56.87711487088157,24
Hostafrancs,2016,1,662.28,56.31632653061224,20
la Bordeta,2016,1,645.15,61.09374999999999,16
Sants - Badal,2016,1,629.69,56.8825654923216,9
Sants,2016,1,664.66,60.15022624434389,75
les Corts,2016,1,892.7,70.68091844813935,83
la Maternitat i Sant Ramon,2016,1,777.86,63.18927701056052,40
Pedralbes,2016,1,1572.56,104.41965471447544,60
"Vallvidrera, el Tibidabo i les Planes",2016,1,933.95,83.09163701067617,13
Sarrià,2016,1,1195.68,76.69531751122516,57
les Tres Torres,2016,1,1380.68,90.71484888304862,25
Sant Gervasi - la Bonanova,2016,1,1116.51,79.52350427350427,68
Sant Gervasi - Galvany,2016,1,1187.57,89.09002250562641,47
el Putxet i el Farró,2016,1,827.82,63.192366412213744,21
Vallcarca i els Penitents,2016,1,741.42,60.87192118226601,32
el Coll,2016,1,590.53,55.29307116104869,22
la Salut,2016,1,684.47,62.96872125114996,4
la Vila de Gràcia,2016,1,764.02,60.1117230527144,66
el Camp d'en Grassot i Gràcia Nova,2016,1,802.69,67.73755274261605,8
el Baix Guinardó,2016,1,696.69,61.87300177619894,17
Can Baró,2016,1,595.92,51.77410947002606,5
el Guinardó,2016,1,646.76,59.66420664206642,37
la Font d'en Fargues,2016,1,749.81,49.329605263157895,25
el Carmel,2016,1,518.24,56.086580086580085,22
la Teixonera,2016,1,513.53,56.93237250554324,15
Sant Genís dels Agudells,2016,1,616.36,73.2019002375297,8
Montbau,2016,1,614.79,66.75244299674266,14
la Vall d'Hebron,2016,1,692.35,62.76971894832276,21
Horta,2016,1,601.35,61.112804878048784,19
Vilapicina i la Torre Llobeta,2016,1,618.55,60.17023346303502,26
Porta,2016,1,536.66,58.58733624454148,10
el Turó de la Peira,2016,1,537.93,60.37373737373737,9
la Guineueta,2016,1,589.2,68.91228070175438,7
les Roquetes,2016,1,455.65,54.30870083432657,16
Verdun,2016,1,539.59,53.959,5
la Prosperitat,2016,1,518.02,56.80043859649123,18
la Trinitat Nova,2016,1,423.18,48.80968858131488,16
Ciutat Meridiana,2016,1,344.26,55.25842696629213,3
la Trinitat Vella,2016,1,422.37,56.92318059299191,22
el Bon Pastor,2016,1,472.39,57.74938875305624,31
Sant Andreu,2016,1,624.75,60.65533980582524,60
la Sagrera,2016,1,658.12,61.05009276437848,25
el Congrés i els Indians,2016,1,613.71,63.59689119170984,4
Navas,2016,1,665.34,64.72178988326849,4
el Camp de l'Arpa del Clot,2016,1,659.58,59.31474820143886,34
el Clot,2016,1,645.42,63.338567222767416,35
el Parc i la Llacuna del Poblenou,2016,1,799.63,65.86738056013179,73
la Vila Olímpica del Poblenou,2016,1,1136.0,71.98986058301648,11
el Poblenou,2016,1,719.12,60.27829002514669,57
Diagonal Mar i el Front Marítim del Poblenou,2016,1,1004.51,85.12796610169491,20
el Besòs i el Maresme,2016,1,506.7,59.89361702127659,25
Provençals del Poblenou,2016,1,758.81,71.85700757575756,11
Sant Martí de Provençals,2016,1,688.49,73.47812166488795,11
la Verneda i la Pau,2016,1,597.89,65.05875952121872,11
el Raval,2016,2,662.28,56.22071307300509,84
el Barri Gòtic,2016,2,806.24,65.01935483870967,46
la Barceloneta,2016,2,659.35,37.18838127467569,30
"Sant Pere, Santa Caterina i la Ribera",2016,2,773.62,54.9056068133428,69
el Fort Pienc,2016,2,808.08,68.36548223350253,72
la Sagrada Família,2016,2,739.86,62.7,186
la Dreta de l'Eixample,2016,2,1120.4,88.70942201108473,193
l'Antiga Esquerra de l'Eixample,2016,2,960.8,75.4160125588697,173
la Nova Esquerra de l'Eixample,2016,2,842.53,67.24102154828412,89
Sant Antoni,2016,2,793.64,68.35831180017227,78
el Poble Sec,2016,2,651.21,54.81565656565657,85
la Marina de Port,2016,2,548.51,62.83046964490263,27
la Font de la Guatlla,2016,2,751.69,61.113008130081305,18
Hostafrancs,2016,2,673.24,55.50206100577081,20
la Bordeta,2016,2,672.13,62.75723622782446,28
Sants - Badal,2016,2,702.86,60.74848746758859,12
Sants,2016,2,681.39,57.0678391959799,71
les Corts,2016,2,912.53,72.88578274760384,100
la Maternitat i Sant Ramon,2016,2,821.2,63.90661478599223,50
Pedralbes,2016,2,1660.43,116.68517217146874,64
"Vallvidrera, el Tibidabo i les Planes",2016,2,1117.72,63.79680365296804,17
Sarrià,2016,2,1197.62,69.26662810873337,52
les Tres Torres,2016,2,1560.7,95.16463414634148,30
Sant Gervasi - la Bonanova,2016,2,1096.73,76.53384508025123,83
Sant Gervasi - Galvany,2016,2,1189.1,86.16666666666666,58
el Putxet i el Farró,2016,2,891.63,61.15432098765432,22
Vallcarca i els Penitents,2016,2,755.85,62.26112026359143,32
el Coll,2016,2,592.76,52.0878734622144,11
la Salut,2016,2,772.96,59.91937984496124,8
la Vila de Gràcia,2016,2,773.66,58.52193645990922,53
el Camp d'en Grassot i Gràcia Nova,2016,2,780.36,63.49552481692434,14
el Baix Guinardó,2016,2,642.91,59.03673094582185,16
Can Baró,2016,2,632.0,56.93693693693694,6
el Guinardó,2016,2,634.75,60.28015194681862,33
la Font d'en Fargues,2016,2,689.66,59.86631944444444,24
el Carmel,2016,2,550.3,57.26326742976067,18
la Teixonera,2016,2,544.56,54.83987915407855,13
Sant Genís dels Agudells,2016,2,592.36,68.48092485549132,13
Montbau,2016,2,635.14,65.34362139917695,8
la Vall d'Hebron,2016,2,786.32,74.74524714828898,12
Horta,2016,2,620.05,55.609865470852014,37
Vilapicina i la Torre Llobeta,2016,2,616.99,60.6676499508358,24
Porta,2016,2,574.38,58.25354969574037,19
el Turó de la Peira,2016,2,547.65,57.586750788643535,6
la Guineueta,2016,2,613.96,71.39069767441862,9
les Roquetes,2016,2,475.41,51.61889250814332,14
Verdun,2016,2,526.19,55.0407949790795,2
la Prosperitat,2016,2,550.31,54.81175298804781,21
la Trinitat Nova,2016,2,450.85,48.06503198294243,17
Ciutat Meridiana,2016,2,427.97,59.11187845303868,4
la Trinitat Vella,2016,2,483.22,56.84941176470589,24
el Bon Pastor,2016,2,588.23,67.30320366132723,26
Sant Andreu,2016,2,663.31,58.33861037818821,55
la Sagrera,2016,2,619.99,61.75199203187252,25
el Congrés i els Indians,2016,2,635.81,61.90944498539435,11
Navas,2016,2,704.45,67.86608863198458,5
el Camp de l'Arpa del Clot,2016,2,690.84,60.920634920634924,57
el Clot,2016,2,688.85,60.69162995594714,34
el Parc i la Llacuna del Poblenou,2016,2,759.08,60.62939297124601,61
la Vila Olímpica del Poblenou,2016,2,1151.48,67.06348281887011,10
el Poblenou,2016,2,785.11,61.819685039370086,54
Diagonal Mar i el Front Marítim del Poblenou,2016,2,1116.09,78.15756302521008,14
el Besòs i el Maresme,2016,2,521.08,57.76940133037695,28
Provençals del Poblenou,2016,2,727.81,64.9250669045495,15
Sant Martí de Provençals,2016,2,679.25,67.65438247011953,22
la Verneda i la Pau,2016,2,613.21,66.14994606256742,21
el Raval,2016,3,666.17,53.3790064102564,60
el Barri Gòtic,2016,3,851.63,68.73527037933817,32
la Barceloneta,2016,3,686.63,35.72476586888658,35
"Sant Pere, Santa Caterina i la Ribera",2016,3,839.58,58.26370575988897,78
el Fort Pienc,2016,3,868.35,72.90931989924434,64
la Sagrada Família,2016,3,799.38,65.63054187192118,172
la Dreta de l'Eixample,2016,3,1143.98,85.81995498874718,181
l'Antiga Esquerra de l'Eixample,2016,3,986.21,74.99695817490495,163
la Nova Esquerra de l'Eixample,2016,3,890.54,71.30024019215372,103
Sant Antoni,2016,3,883.32,69.71744277821627,54
el Poble Sec,2016,3,696.74,54.99131807419101,74
la Marina de Port,2016,3,577.47,56.44868035190616,25
la Font de la Guatlla,2016,3,764.38,66.35243055555556,17
Hostafrancs,2016,3,702.72,58.56,21
la Bordeta,2016,3,674.88,61.91559633027523,24
Sants - Badal,2016,3,710.45,59.2535446205171,8
Sants,2016,3,740.5,61.19834710743802,56
les Corts,2016,3,949.97,72.85046012269939,92
la Maternitat i Sant Ramon,2016,3,892.28,69.11541440743609,44
Pedralbes,2016,3,1689.6,117.00831024930748,55
"Vallvidrera, el Tibidabo i les Planes",2016,3,1302.14,76.1485380116959,19
Sarrià,2016,3,1172.86,73.02988792029888,43
les Tres Torres,2016,3,1619.04,104.38684719535784,15
Sant Gervasi - la Bonanova,2016,3,1083.53,75.66550279329608,59
Sant Gervasi - Galvany,2016,3,1278.66,92.58942795076032,36
el Putxet i el Farró,2016,3,876.77,64.13825896122897,19
Vallcarca i els Penitents,2016,3,830.24,65.99682034976152,26
el Coll,2016,3,635.15,58.70147874306839,10
la Salut,2016,3,855.89,74.88101487314086,9
la Vila de Gràcia,2016,3,827.81,60.73440939104915,56
el Camp d'en Grassot i Gràcia Nova,2016,3,805.87,62.7136186770428,11
el Baix Guinardó,2016,3,718.5,60.94147582697202,8
Can Baró,2016,3,645.66,59.45303867403315,9
el Guinardó,2016,3,679.39,59.28359511343804,33
la Font d'en Fargues,2016,3,675.69,65.85672514619884,21
el Carmel,2016,3,557.55,57.0675537359263,11
la Teixonera,2016,3,570.1,57.29648241206031,8
Sant Genís dels Agudells,2016,3,603.75,69.31687715269804,5
Montbau,2016,3,646.43,58.60652765185856,11
la Vall d'Hebron,2016,3,796.92,68.2879177377892,8
Horta,2016,3,634.35,59.39606741573034,18
Vilapicina i la Torre Llobeta,2016,3,640.48,62.36416747809153,21
Porta,2016,3,617.22,58.33837429111532,18
el Turó de la Peira,2016,3,538.1,55.18974358974359,2
la Guineueta,2016,3,632.29,71.52601809954751,7
les Roquetes,2016,3,512.34,51.491457286432166,9
Verdun,2016,3,495.52,50.05252525252525,4
la Prosperitat,2016,3,584.53,54.42551210428305,13
la Trinitat Nova,2016,3,419.48,53.779487179487184,23
Ciutat Meridiana,2016,3,373.14,57.94099378881987,1
la Trinitat Vella,2016,3,459.84,54.48341232227488,19
el Bon Pastor,2016,3,558.42,61.23026315789474,26
Sant Andreu,2016,3,658.49,60.91489361702128,53
la Sagrera,2016,3,670.19,64.133014354067,22
el Congrés i els Indians,2016,3,691.95,61.343085106382986,5
Navas,2016,3,712.32,67.84,2
el Camp de l'Arpa del Clot,2016,3,715.52,60.33052276559865,33
el Clot,2016,3,708.8,60.63301967493584,28
el Parc i la Llacuna del Poblenou,2016,3,839.08,67.23397435897436,58
la Vila Olímpica del Poblenou,2016,3,1142.76,75.9813829787234,5
el Poblenou,2016,3,828.61,63.10814927646611,64
Diagonal Mar i el Front Marítim del Poblenou,2016,3,1268.48,88.89138051857043,14
el Besòs i el Maresme,2016,3,556.45,63.88633754305396,36
Provençals del Poblenou,2016,3,856.58,67.50039401103231,27
Sant Martí de Provençals,2016,3,716.17,72.56028368794327,16
la Verneda i la Pau,2016,3,617.01,68.86272321428571,16
el Raval,2016,4,716.7,54.41913439635535,65
el Barri Gòtic,2016,4,913.96,66.32510885341074,36
la Barceloneta,2016,4,686.31,36.89838709677419,35
"Sant Pere, Santa Caterina i la Ribera",2016,4,854.18,57.71486486486486,52
el Fort Pienc,2016,4,816.51,67.81644518272425,75
la Sagrada Família,2016,4,806.4,63.446105428796216,180
la Dreta de l'Eixample,2016,4,1174.38,90.05981595092025,180
l'Antiga Esquerra de l'Eixample,2016,4,1012.22,78.71073094867808,172
la Nova Esquerra de l'Eixample,2016,4,926.21,71.96658896658897,92
Sant Antoni,2016,4,882.47,71.5129659643436,66
el Poble Sec,2016,4,706.11,54.65247678018576,100
la Marina de Port,2016,4,613.16,64.00417536534447,15
la Font de la Guatlla,2016,4,786.35,60.48846153846154,24
Hostafrancs,2016,4,703.28,55.771609833465504,23
la Bordeta,2016,4,730.45,65.45250896057348,20
Sants - Badal,2016,4,711.1,58.43056696795399,21
Sants,2016,4,740.28,60.08766233766234,83
les Corts,2016,4,983.48,71.47383720930233,108
la Maternitat i Sant Ramon,2016,4,866.43,64.6589552238806,59
Pedralbes,2016,4,1692.2,113.11497326203208,78
"Vallvidrera, el Tibidabo i les Planes",2016,4,1354.62,88.0194931773879,21
Sarrià,2016,4,1185.85,79.85521885521885,64
les Tres Torres,2016,4,1490.72,95.55897435897435,27
Sant Gervasi - la Bonanova,2016,4,1197.72,84.4654442877292,65
Sant Gervasi - Galvany,2016,4,1298.95,91.99362606232296,63
el Putxet i el Farró,2016,4,904.17,66.48308823529412,19
Vallcarca i els Penitents,2016,4,818.69,60.68865826538177,37
el Coll,2016,4,653.69,54.24813278008299,9
la Salut,2016,4,784.91,59.28323262839879,7
la Vila de Gràcia,2016,4,829.23,57.90712290502793,72
el Camp d'en Grassot i Gràcia Nova,2016,4,823.72,64.30288836846213,5
el Baix Guinardó,2016,4,747.31,63.43887945670628,21
Can Baró,2016,4,658.74,53.42579075425791,5
el Guinardó,2016,4,705.71,60.16283034953112,39
la Font d'en Fargues,2016,4,761.28,67.60923623445825,33
el Carmel,2016,4,597.13,55.80654205607477,22
la Teixonera,2016,4,672.65,58.187716262975776,14
Sant Genís dels Agudells,2016,4,623.6,68.22757111597375,9
Montbau,2016,4,668.46,62.47289719626169,11
la Vall d'Hebron,2016,4,778.67,68.12510936132983,19
Horta,2016,4,668.66,61.85568917668824,33
Vilapicina i la Torre Llobeta,2016,4,684.2,60.70984915705413,36
Porta,2016,4,672.64,64.0,19
el Turó de la Peira,2016,4,582.12,60.44859813084112,3
la Guineueta,2016,4,666.83,72.48152173913044,5
les Roquetes,2016,4,523.02,52.09362549800797,15
Verdun,2016,4,565.89,51.82142857142857,7
la Prosperitat,2016,4,589.24,53.08468468468469,14
la Trinitat Nova,2016,4,438.65,50.36165327210102,17
Ciutat Meridiana,2016,4,446.13,57.63953488372093,1
la Trinitat Vella,2016,4,552.81,57.52445369406868,20
el Bon Pastor,2016,4,555.12,61.33922651933701,28
Sant Andreu,2016,4,690.64,61.8853046594982,57
la Sagrera,2016,4,709.11,66.14832089552239,29
el Congrés i els Indians,2016,4,662.25,63.13155386081983,5
Navas,2016,4,768.66,64.37688442211055,9
el Camp de l'Arpa del Clot,2016,4,720.39,58.23686337914309,39
el Clot,2016,4,728.87,63.9359649122807,43
el Parc i la Llacuna del Poblenou,2016,4,886.66,64.62536443148687,72
la Vila Olímpica del Poblenou,2016,4,1285.61,76.98263473053892,8
el Poblenou,2016,4,840.76,62.88406881077039,63
Diagonal Mar i el Front Marítim del Poblenou,2016,4,1181.15,70.76992210904733,20
el Besòs i el Maresme,2016,4,571.6,64.08071748878925,41
Provençals del Poblenou,2016,4,987.18,77.97630331753554,24
Sant Martí de Provençals,2016,4,720.74,67.29598506069094,20
la Verneda i la Pau,2016,4,591.86,65.25468577728776,10
el Raval,2017,1,734.99,54.4437037037037,63
el Barri Gòtic,2017,1,905.26,64.02121640735501,33
la Barceloneta,2017,1,722.78,37.14182939362795,35
"Sant Pere, Santa Caterina i la Ribera",2017,1,895.28,59.64556962025316,52
el Fort Pienc,2017,1,871.08,68.21299921691465,74
la Sagrada Família,2017,1,847.04,64.95705521472392,196
la Dreta de l'Eixample,2017,1,1151.09,89.78861154446177,193
l'Antiga Esquerra de l'Eixample,2017,1,1001.49,75.64123867069486,141
la Nova Esquerra de l'Eixample,2017,1,909.08,69.87548039969255,75
Sant Antoni,2017,1,876.97,70.83764135702747,52
el Poble Sec,2017,1,715.71,54.97004608294932,85
la Marina de Port,2017,1,689.16,69.75303643724695,26
la Font de la Guatlla,2017,1,806.34,64.0460683081811,23
Hostafrancs,2017,1,680.17,55.0299352750809,24
la Bordeta,2017,1,739.35,68.08011049723757,26
Sants - Badal,2017,1,697.58,54.03408210689389,14
Sants,2017,1,737.27,56.88811728395061,72
les Corts,2017,1,936.32,68.69552457813646,106
la Maternitat i Sant Ramon,2017,1,896.45,68.17110266159696,41
Pedralbes,2017,1,1856.57,115.67414330218068,73
"Vallvidrera, el Tibidabo i les Planes",2017,1,1248.0,123.3201581027668,24
Sarrià,2017,1,1291.5,79.33046683046682,86
les Tres Torres,2017,1,1516.52,94.07692307692308,34
Sant Gervasi - la Bonanova,2017,1,1182.12,80.96712328767123,79
Sant Gervasi - Galvany,2017,1,1268.61,90.22830725462303,78
el Putxet i el Farró,2017,1,913.45,61.0187040748163,17
Vallcarca i els Penitents,2017,1,946.59,67.13404255319149,34
el Coll,2017,1,687.42,57.476588628762535,9
la Salut,2017,1,841.38,67.41826923076923,12
la Vila de Gràcia,2017,1,837.09,56.21826729348556,54
el Camp d'en Grassot i Gràcia Nova,2017,1,839.29,64.96052631578947,8
el Baix Guinardó,2017,1,743.88,58.75829383886256,15
Can Baró,2017,1,637.3,53.780590717299575,6
el Guinardó,2017,1,722.67,58.84934853420195,46
la Font d'en Fargues,2017,1,812.93,54.41298527443106,25
el Carmel,2017,1,597.09,52.102094240837694,19
la Teixonera,2017,1,663.9,61.98879551820728,16
Sant Genís dels Agudells,2017,1,622.33,69.45647321428571,9
Montbau,2017,1,716.43,55.23747108712413,14
la Vall d'Hebron,2017,1,816.05,69.80752780153978,13
Horta,2017,1,669.89,59.59875444839857,41
Vilapicina i la Torre Llobeta,2017,1,687.37,61.26292335115864,31
Porta,2017,1,654.58,64.11165523996083,14
el Turó de la Peira,2017,1,587.02,56.88178294573643,7
la Guineueta,2017,1,634.54,69.50054764512595,7
les Roquetes,2017,1,504.31,53.59298618490967,10
Verdun,2017,1,595.48,52.69734513274336,3
la Prosperitat,2017,1,624.58,53.79672695951766,8
la Trinitat Nova,2017,1,540.68,53.96007984031936,29
Ciutat Meridiana,2017,1,459.19,57.90542244640606,1
la Trinitat Vella,2017,1,497.84,52.96170212765957,29
el Bon Pastor,2017,1,622.82,67.6243213897937,35
Sant Andreu,2017,1,708.6,57.00724054706356,43
la Sagrera,2017,1,575.23,58.696938775510205,14
el Congrés i els Indians,2017,1,696.04,61.98040961709705,6
Navas,2017,1,716.78,68.92115384615384,5
el Camp de l'Arpa del Clot,2017,1,756.57,58.69433669511249,47
el Clot,2017,1,774.97,63.21125611745514,45
el Parc i la Llacuna del Poblenou,2017,1,850.73,65.14012251148544,61
la Vila Olímpica del Poblenou,2017,1,1108.37,68.16543665436653,10
el Poblenou,2017,1,868.9,65.08614232209737,54
Diagonal Mar i el Front Marítim del Poblenou,2017,1,1148.2,72.71690943635213,23
el Besòs i el Maresme,2017,1,588.9,61.859243697479,31
Provençals del Poblenou,2017,1,999.62,75.44301886792452,22
Sant Martí de Provençals,2017,1,742.06,70.40417457305503,21
la Verneda i la Pau,2017,1,677.91,67.58823529411765,15
el Raval,2017,2,714.29,52.17604090577064,43
el Barri Gòtic,2017,2,968.16,70.25834542815674,57
la Barceloneta,2017,2,738.25,37.15400100654252,62
"Sant Pere, Santa Caterina i la Ribera",2017,2,930.13,58.16948092557848,39
el Fort Pienc,2017,2,884.99,70.29308975377283,80
la Sagrada Família,2017,2,867.97,65.06521739130434,110
la Dreta de l'Eixample,2017,2,1218.18,88.0824295010846,322
l'Antiga Esquerra de l'Eixample,2017,2,1044.28,77.29681717246484,154
la Nova Esquerra de l'Eixample,2017,2,949.96,71.21139430284857,116
Sant Antoni,2017,2,887.78,69.4120406567631,90
el Poble Sec,2017,2,756.8,54.25089605734767,67
la Marina de Port,2017,2,634.28,64.32860040567951,34
la Font de la Guatlla,2017,2,785.02,63.3591606133979,8
Hostafrancs,2017,2,749.61,60.7956204379562,31
la Bordeta,2017,2,760.98,64.00168208578637,41
Sants - Badal,2017,2,766.05,59.06322282189668,16
Sants,2017,2,780.27,60.72140077821012,44
les Corts,2017,2,1006.84,70.75474349964863,84
la Maternitat i Sant Ramon,2017,2,882.05,66.97418375094912,62
Pedralbes,2017,2,1666.63,99.4409307875895,47
"Vallvidrera, el Tibidabo i les Planes",2017,2,1101.67,63.49682997118156,8
Sarrià,2017,2,1423.86,79.41215839375349,57
les Tres Torres,2017,2,1646.76,98.25536992840094,49
Sant Gervasi - la Bonanova,2017,2,1236.21,84.03874915023793,52
Sant Gervasi - Galvany,2017,2,1287.23,87.21070460704607,91
el Putxet i el Farró,2017,2,902.42,64.50464617583988,36
Vallcarca i els Penitents,2017,2,917.84,63.78318276580959,38
el Coll,2017,2,701.29,59.38103302286198,5
la Salut,2017,2,855.7,69.91013071895425,22
la Vila de Gràcia,2017,2,852.57,57.412121212121214,53
el Camp d'en Grassot i Gràcia Nova,2017,2,872.41,63.08098336948662,32
el Baix Guinardó,2017,2,756.13,62.13064913722268,29
Can Baró,2017,2,710.18,56.36349206349206,4
el Guinardó,2017,2,722.28,61.15834038950042,16
la Font d'en Fargues,2017,2,721.47,58.75162866449512,14
el Carmel,2017,2,597.58,56.75023741690409,19
la Teixonera,2017,2,671.85,57.86821705426357,7
Sant Genís dels Agudells,2017,2,680.8,71.81434599156117,16
Montbau,2017,2,677.09,62.46217712177122,14
la Vall d'Hebron,2017,2,819.11,70.98006932409012,20
Horta,2017,2,708.69,60.831759656652366,35
Vilapicina i la Torre Llobeta,2017,2,699.81,63.61909090909091,25
Porta,2017,2,640.95,59.62325581395349,32
el Turó de la Peira,2017,2,600.84,57.66218809980806,4
la Guineueta,2017,2,632.43,71.21959459459458,13
Canyelles,2017,2,677.5,78.05299539170507,16
les Roquetes,2017,2,505.97,50.04648862512365,10
Verdun,2017,2,579.67,55.25929456625357,5
la Prosperitat,2017,2,617.61,57.08040665434381,25
la Trinitat Nova,2017,2,533.3,49.88774555659494,16
Ciutat Meridiana,2017,2,436.17,57.8474801061008,2
la Trinitat Vella,2017,2,434.91,58.45564516129032,21
el Bon Pastor,2017,2,647.69,63.81182266009853,39
Sant Andreu,2017,2,728.09,61.03017602682314,55
la Sagrera,2017,2,656.71,62.36562203228871,23
el Congrés i els Indians,2017,2,724.28,65.016157989228,16
Navas,2017,2,783.88,64.8907284768212,24
el Camp de l'Arpa del Clot,2017,2,765.74,59.870211102423774,45
el Clot,2017,2,740.91,60.33469055374593,38
el Parc i la Llacuna del Poblenou,2017,2,907.14,63.83814215341309,49
la Vila Olímpica del Poblenou,2017,2,1345.63,72.69746083198271,29
el Poblenou,2017,2,899.89,64.32380271622587,47
Diagonal Mar i el Front Marítim del Poblenou,2017,2,965.36,61.448758752387015,36
el Besòs i el Maresme,2017,2,606.61,61.15020161290322,34
Provençals del Poblenou,2017,2,941.16,70.34080717488789,45
Sant Martí de Provençals,2017,2,750.71,67.57065706570658,26
la Verneda i la Pau,2017,2,671.87,68.21015228426396,25
el Raval,2017,3,764.85,54.74946313528991,40
el Barri Gòtic,2017,3,1028.49,71.27442827442827,52
la Barceloneta,2017,3,758.18,38.44726166328601,40
"Sant Pere, Santa Caterina i la Ribera",2017,3,927.16,57.37376237623762,36
el Fort Pienc,2017,3,933.54,69.45982142857143,69
la Sagrada Família,2017,3,906.78,65.6136034732272,95
la Dreta de l'Eixample,2017,3,1179.11,87.92766592095451,279
l'Antiga Esquerra de l'Eixample,2017,3,1098.21,78.33166904422255,143
la Nova Esquerra de l'Eixample,2017,3,950.15,68.85144927536231,97
Sant Antoni,2017,3,922.46,70.09574468085107,57
el Poble Sec,2017,3,759.87,56.20340236686391,68
la Marina de Port,2017,3,711.93,65.37465564738291,17
la Font de la Guatlla,2017,3,817.64,60.65578635014837,10
Hostafrancs,2017,3,777.64,57.39040590405904,38
la Bordeta,2017,3,861.69,66.95337995337997,24
Sants - Badal,2017,3,796.5,59.440298507462686,13
Sants,2017,3,812.48,61.04282494365139,41
les Corts,2017,3,1013.57,69.13847203274216,66
la Maternitat i Sant Ramon,2017,3,970.71,71.37573529411765,55
Pedralbes,2017,3,1882.42,113.81015719467958,44
"Vallvidrera, el Tibidabo i les Planes",2017,3,1360.42,66.00776322173702,8
Sarrià,2017,3,1364.01,74.69934282584884,41
les Tres Torres,2017,3,1757.0,109.33416303671436,24
Sant Gervasi - la Bonanova,2017,3,1324.4,83.98224476854789,54
Sant Gervasi - Galvany,2017,3,1377.82,92.161872909699,76
el Putxet i el Farró,2017,3,962.41,64.11792138574283,35
Vallcarca i els Penitents,2017,3,912.51,64.94733096085409,42
el Coll,2017,3,799.44,56.45762711864407,10
la Salut,2017,3,804.26,59.48668639053255,14
la Vila de Gràcia,2017,3,867.94,57.10131578947369,41
el Camp d'en Grassot i Gràcia Nova,2017,3,880.0,62.99212598425196,32
el Baix Guinardó,2017,3,804.26,61.300304878048784,22
Can Baró,2017,3,698.03,55.8871096877502,1
el Guinardó,2017,3,739.68,58.79809220985691,29
la Font d'en Fargues,2017,3,922.75,70.17110266159696,6
el Carmel,2017,3,610.13,55.82159194876487,20
la Teixonera,2017,3,643.74,59.00458295142072,5
Sant Genís dels Agudells,2017,3,713.38,71.62449799196787,11
Montbau,2017,3,749.0,58.37879968823071,15
la Vall d'Hebron,2017,3,805.87,67.0440931780366,22
Horta,2017,3,704.57,61.85864793678665,36
Vilapicina i la Torre Llobeta,2017,3,750.43,64.58089500860585,18
Porta,2017,3,670.43,60.50812274368231,15
el Turó de la Peira,2017,3,613.8,58.68068833652007,8
la Guineueta,2017,3,625.23,65.74447949526814,12
Canyelles,2017,3,701.5,79.80659840728102,2
les Roquetes,2017,3,560.56,54.84931506849314,10
Verdun,2017,3,593.64,54.312900274473925,9
la Prosperitat,2017,3,625.66,55.8625,19
la Trinitat Nova,2017,3,538.45,49.53541858325668,22
Ciutat Meridiana,2017,3,423.09,57.329268292682926,10
la Trinitat Vella,2017,3,532.33,53.55432595573441,24
el Bon Pastor,2017,3,653.72,67.81327800829875,30
Sant Andreu,2017,3,744.73,59.5784,46
la Sagrera,2017,3,692.49,61.88471849865952,14
el Congrés i els Indians,2017,3,761.19,63.59147869674186,5
Navas,2017,3,790.19,68.83188153310105,13
el Camp de l'Arpa del Clot,2017,3,797.7,62.12616822429907,40
el Clot,2017,3,775.27,60.94889937106917,40
el Parc i la Llacuna del Poblenou,2017,3,905.24,62.64636678200692,51
la Vila Olímpica del Poblenou,2017,3,1189.26,74.46837820914214,38
el Poblenou,2017,3,917.87,64.5024595924104,37
Diagonal Mar i el Front Marítim del Poblenou,2017,3,1093.34,67.40690505548706,38
el Besòs i el Maresme,2017,3,625.13,62.32602193419741,20
Provençals del Poblenou,2017,3,933.9,73.88449367088607,44
Sant Martí de Provençals,2017,3,776.09,69.98106402164112,20
la Verneda i la Pau,2017,3,711.99,68.46057692307693,23
el Raval,2017,4,776.73,53.86477115117892,33
el Barri Gòtic,2017,4,993.16,68.92158223455932,42
la Barceloneta,2017,4,766.03,37.67978357107723,25
"Sant Pere, Santa Caterina i la Ribera",2017,4,914.78,58.41507024265645,33
el Fort Pienc,2017,4,910.78,67.2658788774003,65
la Sagrada Família,2017,4,877.02,66.79512566641279,101
la Dreta de l'Eixample,2017,4,1225.08,87.81935483870967,345
l'Antiga Esquerra de l'Eixample,2017,4,1081.29,77.45630372492836,183
la Nova Esquerra de l'Eixample,2017,4,957.0,69.04761904761905,101
Sant Antoni,2017,4,905.83,67.29791976225854,65
el Poble Sec,2017,4,760.23,53.84065155807366,65
la Marina de Port,2017,4,728.07,67.85368126747437,23
la Font de la Guatlla,2017,4,827.36,62.02098950524738,13
Hostafrancs,2017,4,771.78,58.51250947687642,32
la Bordeta,2017,4,786.53,65.7633779264214,27
Sants - Badal,2017,4,772.86,58.15349887133184,24
Sants,2017,4,806.56,59.78947368421052,52
les Corts,2017,4,1043.76,71.24641638225256,105
la Maternitat i Sant Ramon,2017,4,935.38,69.59672619047619,43
Pedralbes,2017,4,1737.92,114.18659658344284,56
"Vallvidrera, el Tibidabo i les Planes",2017,4,1213.95,65.40678879310346,4
Sarrià,2017,4,1334.77,77.06524249422633,49
les Tres Torres,2017,4,1588.53,86.42709466811752,43
Sant Gervasi - la Bonanova,2017,4,1198.24,74.01111797405805,55
Sant Gervasi - Galvany,2017,4,1315.8,89.87704918032786,125
el Putxet i el Farró,2017,4,938.2,61.240208877284594,30
Vallcarca i els Penitents,2017,4,875.53,62.6721546170365,38
el Coll,2017,4,711.57,60.81794871794872,5
la Salut,2017,4,741.29,64.18095238095238,17
la Vila de Gràcia,2017,4,879.85,58.38420703384208,49
el Camp d'en Grassot i Gràcia Nova,2017,4,862.51,63.98442136498516,49
el Baix Guinardó,2017,4,773.02,62.49151172190784,40
Can Baró,2017,4,693.65,54.920823436262864,6
el Guinardó,2017,4,759.06,60.82211538461538,28
la Font d'en Fargues,2017,4,822.82,66.84159220146223,12
el Carmel,2017,4,609.11,54.67773788150808,23
la Teixonera,2017,4,616.32,54.01577563540754,11
Sant Genís dels Agudells,2017,4,672.7,70.66176470588236,13
Montbau,2017,4,754.69,55.73781388478583,11
la Vall d'Hebron,2017,4,865.42,66.93116782675948,19
Horta,2017,4,708.88,57.67941415785192,45
Vilapicina i la Torre Llobeta,2017,4,723.34,62.51858254105445,22
Porta,2017,4,682.83,62.019073569482295,30
el Turó de la Peira,2017,4,653.52,58.92876465284039,10
la Guineueta,2017,4,693.4,70.53916581892166,15
Canyelles,2017,4,656.15,73.23102678571428,11
les Roquetes,2017,4,565.18,52.04235727440148,15
Verdun,2017,4,600.37,51.401541095890416,4
la Prosperitat,2017,4,641.21,56.04982517482518,26
la Trinitat Nova,2017,4,551.22,50.99167437557817,21
Ciutat Meridiana,2017,4,425.51,56.35894039735099,1
la Trinitat Vella,2017,4,535.92,52.85207100591715,22
el Bon Pastor,2017,4,576.97,65.63936291240046,36
Sant Andreu,2017,4,751.95,60.44614147909969,58
la Sagrera,2017,4,732.23,62.637296834901626,22
el Congrés i els Indians,2017,4,742.89,66.62690582959641,11
Navas,2017,4,805.1,68.87082976903336,23
el Camp de l'Arpa del Clot,2017,4,789.59,59.54675716440423,59
el Clot,2017,4,777.21,62.32638331996792,38
el Parc i la Llacuna del Poblenou,2017,4,916.33,68.48505231689089,60
la Vila Olímpica del Poblenou,2017,4,1349.82,76.47705382436261,47
el Poblenou,2017,4,911.12,64.11822660098522,43
Diagonal Mar i el Front Marítim del Poblenou,2017,4,1233.01,74.68261659600242,42
el Besòs i el Maresme,2017,4,621.32,59.7423076923077,22
Provençals del Poblenou,2017,4,864.09,68.25355450236967,47
Sant Martí de Provençals,2017,4,790.58,72.99907663896583,20
la Verneda i la Pau,2017,4,692.67,66.73121387283236,16
el Raval,2018,1,792.74,57.695778748180494,33
el Barri Gòtic,2018,1,998.4,75.06766917293233,43
la Barceloneta,2018,1,870.84,50.92631578947368,26
"Sant Pere, Santa Caterina i la Ribera",2018,1,923.44,62.90463215258856,33
el Fort Pienc,2018,1,910.53,72.09263657957244,65
la Sagrada Família,2018,1,883.75,65.70631970260223,106
la Dreta de l'Eixample,2018,1,1191.43,90.19152157456472,307
l'Antiga Esquerra de l'Eixample,2018,1,1069.16,79.25574499629356,163
la Nova Esquerra de l'Eixample,2018,1,947.92,70.16432272390821,120
Sant Antoni,2018,1,899.98,70.75314465408805,41
el Poble Sec,2018,1,783.5,56.65220535068691,66
la Marina de Port,2018,1,751.65,72.27403846153845,22
la Font de la Guatlla,2018,1,842.32,67.81964573268921,8
Hostafrancs,2018,1,754.83,57.054421768707485,36
la Bordeta,2018,1,785.79,63.37016129032258,25
Sants - Badal,2018,1,764.41,61.05511182108626,18
Sants,2018,1,802.64,62.02782071097373,36
les Corts,2018,1,1002.34,68.60643394934976,85
la Maternitat i Sant Ramon,2018,1,948.77,68.6519536903039,48
Pedralbes,2018,1,1799.91,120.63739946380696,56
"Vallvidrera, el Tibidabo i les Planes",2018,1,895.7,79.90187332738626,7
Sarrià,2018,1,1249.23,77.88216957605985,49
les Tres Torres,2018,1,1613.41,97.13485851896448,42
Sant Gervasi - la Bonanova,2018,1,1247.7,76.82881773399016,91
Sant Gervasi - Galvany,2018,1,1310.42,90.81219681219682,107
el Putxet i el Farró,2018,1,946.65,67.13829787234043,37
Vallcarca i els Penitents,2018,1,886.27,66.88830188679245,37
el Coll,2018,1,741.23,60.36074918566776,2
la Salut,2018,1,815.62,67.6863070539419,24
la Vila de Gràcia,2018,1,899.65,62.56258692628651,47
el Camp d'en Grassot i Gràcia Nova,2018,1,884.55,66.15931189229619,23
el Baix Guinardó,2018,1,832.63,65.92478226444972,23
Can Baró,2018,1,721.46,61.66324786324787,2
el Guinardó,2018,1,736.8,63.08219178082192,33
la Font d'en Fargues,2018,1,824.12,71.85004359197907,11
el Carmel,2018,1,634.75,56.57308377896613,29
la Teixonera,2018,1,690.81,59.9141370338248,7
Sant Genís dels Agudells,2018,1,648.1,66.20020429009193,13
Montbau,2018,1,717.78,68.62141491395792,18
la Vall d'Hebron,2018,1,874.2,72.36754966887418,18
Horta,2018,1,748.19,64.49913793103448,34
Vilapicina i la Torre Llobeta,2018,1,720.9,63.85296722763508,22
Porta,2018,1,675.08,60.76327632763277,20
el Turó de la Peira,2018,1,665.36,58.16083916083917,10
la Guineueta,2018,1,685.05,71.65794979079497,11
Canyelles,2018,1,714.68,79.23281596452328,13
les Roquetes,2018,1,605.41,53.95811051693404,17
Verdun,2018,1,624.71,54.94371152154794,14
la Prosperitat,2018,1,634.3,55.68920105355574,30
la Trinitat Nova,2018,1,592.73,50.87811158798283,18
Ciutat Meridiana,2018,1,507.16,56.47661469933185,1
la Trinitat Vella,2018,1,589.02,57.297665369649806,23
el Bon Pastor,2018,1,658.63,63.02679425837321,28
Sant Andreu,2018,1,744.82,63.659829059829065,55
la Sagrera,2018,1,734.45,65.1108156028369,16
el Congrés i els Indians,2018,1,754.09,64.5625,14
Navas,2018,1,790.2,65.19801980198021,17
el Camp de l'Arpa del Clot,2018,1,785.88,62.8704,55
el Clot,2018,1,774.32,63.4688524590164,41
el Parc i la Llacuna del Poblenou,2018,1,916.31,69.10331825037707,47
la Vila Olímpica del Poblenou,2018,1,1272.26,73.6261574074074,31
el Poblenou,2018,1,913.29,64.6348195329087,41
Diagonal Mar i el Front Marítim del Poblenou,2018,1,1164.84,74.05212968849332,27
el Besòs i el Maresme,2018,1,682.32,64.7977207977208,10
Provençals del Poblenou,2018,1,957.02,72.50151515151515,30
Sant Martí de Provençals,2018,1,751.48,70.16619981325863,23
la Verneda i la Pau,2018,1,715.37,68.85178055822907,13
el Raval,2018,2,820.88,58.05374823196605,37
el Barri Gòtic,2018,2,1024.29,72.38798586572437,46
la Barceloneta,2018,2,923.45,56.61863887185776,40
"Sant Pere, Santa Caterina i la Ribera",2018,2,991.39,65.69847581179589,39
el Fort Pienc,2018,2,942.96,72.98452012383902,90
la Sagrada Família,2018,2,893.43,66.67388059701491,119
la Dreta de l'Eixample,2018,2,1263.08,92.12837345003646,323
l'Antiga Esquerra de l'Eixample,2018,2,1078.13,76.95431834403998,152
la Nova Esquerra de l'Eixample,2018,2,975.53,70.53723788864787,101
Sant Antoni,2018,2,907.42,69.26870229007633,62
el Poble Sec,2018,2,788.23,58.779269202088,67
la Marina de Port,2018,2,719.33,70.31573802541544,20
la Font de la Guatlla,2018,2,834.68,66.29706115965051,13
Hostafrancs,2018,2,801.37,59.714605067064085,36
la Bordeta,2018,2,757.26,66.42631578947368,31
Sants - Badal,2018,2,755.29,58.73172628304821,18
Sants,2018,2,811.74,63.3182527301092,48
les Corts,2018,2,1038.73,70.90307167235495,71
la Maternitat i Sant Ramon,2018,2,959.26,71.85468164794008,62
Pedralbes,2018,2,1563.31,88.52265005662514,53
"Vallvidrera, el Tibidabo i les Planes",2018,2,860.13,74.34140017286084,9
Sarrià,2018,2,1332.33,78.28025851938895,54
les Tres Torres,2018,2,1467.07,89.34652862362971,33
Sant Gervasi - la Bonanova,2018,2,1288.82,81.41629816803537,68
Sant Gervasi - Galvany,2018,2,1328.14,90.65802047781573,128
el Putxet i el Farró,2018,2,972.89,67.65577190542419,37
Vallcarca i els Penitents,2018,2,939.03,72.01150306748467,38
el Coll,2018,2,716.25,60.80220713073005,6
la Salut,2018,2,883.52,69.51376868607394,15
la Vila de Gràcia,2018,2,913.34,62.94555478980014,33
el Camp d'en Grassot i Gràcia Nova,2018,2,885.4,63.83561643835617,32
el Baix Guinardó,2018,2,817.38,64.61501976284585,24
Can Baró,2018,2,737.38,61.86073825503356,6
el Guinardó,2018,2,758.61,63.802354920100925,25
la Font d'en Fargues,2018,2,756.72,66.14685314685315,11
el Carmel,2018,2,637.17,57.50631768953068,23
la Teixonera,2018,2,682.44,57.15577889447237,11
Sant Genís dels Agudells,2018,2,646.83,65.66802030456853,18
Montbau,2018,2,716.18,68.59961685823755,9
la Vall d'Hebron,2018,2,864.72,70.41693811074919,20
Horta,2018,2,742.51,64.28658008658009,48
Vilapicina i la Torre Llobeta,2018,2,726.89,65.3678057553957,24
Porta,2018,2,713.94,62.13577023498695,16
el Turó de la Peira,2018,2,668.16,60.6866485013624,5
la Guineueta,2018,2,724.25,72.86217303822939,14
Canyelles,2018,2,661.88,68.44674250258531,9
les Roquetes,2018,2,575.71,52.43260473588342,9
Verdun,2018,2,628.8,54.34745030250648,5
la Prosperitat,2018,2,657.43,57.719929762949945,32
la Trinitat Nova,2018,2,574.15,47.41123038810901,21
Ciutat Meridiana,2018,2,491.84,58.62216924910607,7
la Trinitat Vella,2018,2,598.29,58.42675781249999,28
el Bon Pastor,2018,2,687.55,60.20577933450088,36
Sant Andreu,2018,2,752.66,64.6615120274914,60
la Sagrera,2018,2,798.39,66.09188741721854,18
el Congrés i els Indians,2018,2,751.16,65.37510879025238,16
Navas,2018,2,797.8,67.15488215488215,22
el Camp de l'Arpa del Clot,2018,2,806.97,61.78943338437978,40
el Clot,2018,2,815.82,64.13679245283019,34
el Parc i la Llacuna del Poblenou,2018,2,1198.77,81.43817934782608,32
la Vila Olímpica del Poblenou,2018,2,1288.91,75.33080070134424,34
el Poblenou,2018,2,960.99,67.34337771548704,44
Diagonal Mar i el Front Marítim del Poblenou,2018,2,1371.14,75.54490358126723,34
el Besòs i el Maresme,2018,2,649.17,60.89774859287054,11
Provençals del Poblenou,2018,2,913.66,68.79969879518072,59
Sant Martí de Provençals,2018,2,797.54,67.24620573355818,14
la Verneda i la Pau,2018,2,719.55,65.65237226277371,14
el Raval,2018,3,849.32,60.1501416430595,46
el Barri Gòtic,2018,3,1012.49,74.77769571639587,44
la Barceloneta,2018,3,889.24,52.77388724035608,46
"Sant Pere, Santa Caterina i la Ribera",2018,3,970.97,64.2175925925926,45
el Fort Pienc,2018,3,968.85,72.24832214765101,56
la Sagrada Família,2018,3,934.89,66.92125984251967,101
la Dreta de l'Eixample,2018,3,1216.7,84.02624309392266,297
l'Antiga Esquerra de l'Eixample,2018,3,1136.21,79.34427374301676,113
la Nova Esquerra de l'Eixample,2018,3,1003.89,70.89618644067797,109
Sant Antoni,2018,3,970.26,72.62425149700599,59
el Poble Sec,2018,3,822.04,58.05367231638418,52
la Marina de Port,2018,3,755.18,71.31067044381491,22
la Font de la Guatlla,2018,3,871.41,70.78878960194963,7
Hostafrancs,2018,3,814.55,59.98159057437408,36
la Bordeta,2018,3,830.32,66.85346215780999,30
Sants - Badal,2018,3,786.8,58.58525688756515,17
Sants,2018,3,856.57,63.73288690476191,44
les Corts,2018,3,1077.99,71.77030625832224,75
la Maternitat i Sant Ramon,2018,3,1013.28,74.12435991221653,61
Pedralbes,2018,3,1849.52,124.96756756756756,24
"Vallvidrera, el Tibidabo i les Planes",2018,3,1102.29,98.06850533807828,6
Sarrià,2018,3,1443.71,80.83482642777156,20
les Tres Torres,2018,3,1746.01,107.38068880688806,36
Sant Gervasi - la Bonanova,2018,3,1322.61,82.35429638854296,54
Sant Gervasi - Galvany,2018,3,1374.32,93.11111111111111,99
el Putxet i el Farró,2018,3,1021.27,67.4105610561056,34
Vallcarca i els Penitents,2018,3,905.82,65.97378004369993,23
el Coll,2018,3,756.36,59.32235294117647,3
la Salut,2018,3,870.31,66.08276385725132,17
la Vila de Gràcia,2018,3,923.39,62.73029891304348,38
el Camp d'en Grassot i Gràcia Nova,2018,3,924.81,65.96362339514978,25
el Baix Guinardó,2018,3,839.47,65.99606918238993,23
Can Baró,2018,3,766.82,59.72118380062306,1
el Guinardó,2018,3,797.84,64.70721816707218,23
la Font d'en Fargues,2018,3,876.58,67.741885625966,7
el Carmel,2018,3,654.77,57.035714285714285,16
la Teixonera,2018,3,705.6,55.7345971563981,8
Sant Genís dels Agudells,2018,3,660.93,69.35257082896118,9
Montbau,2018,3,763.82,66.41913043478262,21
la Vall d'Hebron,2018,3,822.31,67.18218954248366,23
Horta,2018,3,754.53,60.89830508474576,37
Vilapicina i la Torre Llobeta,2018,3,742.82,62.89754445385267,21
Porta,2018,3,712.12,63.355871886120994,25
el Turó de la Peira,2018,3,682.67,60.04133685136324,6
la Guineueta,2018,3,732.86,68.61985018726593,11
Canyelles,2018,3,715.45,78.5345773874863,8
les Roquetes,2018,3,638.14,53.85147679324895,8
Verdun,2018,3,618.91,52.71805792163543,8
la Prosperitat,2018,3,667.72,56.395270270270274,15
la Trinitat Nova,2018,3,584.73,47.04183427192277,21
Ciutat Meridiana,2018,3,514.34,58.38138479001135,3
la Trinitat Vella,2018,3,597.93,58.96745562130177,24
el Bon Pastor,2018,3,693.69,64.17113783533765,37
Sant Andreu,2018,3,777.06,64.4863070539419,40
la Sagrera,2018,3,783.09,65.5305439330544,17
el Congrés i els Indians,2018,3,787.78,63.89132197891322,7
Navas,2018,3,823.74,68.7022518765638,21
el Camp de l'Arpa del Clot,2018,3,827.45,64.04411764705883,29
el Clot,2018,3,815.1,63.431906614786,32
el Parc i la Llacuna del Poblenou,2018,3,897.67,65.14296081277213,41
la Vila Olímpica del Poblenou,2018,3,1284.3,78.35875533862111,39
el Poblenou,2018,3,1006.81,68.58378746594005,40
Diagonal Mar i el Front Marítim del Poblenou,2018,3,818.55,63.01385681293302,40
el Besòs i el Maresme,2018,3,699.06,62.92169216921692,23
Provençals del Poblenou,2018,3,928.02,66.86023054755043,44
Sant Martí de Provençals,2018,3,803.49,68.38212765957446,17
la Verneda i la Pau,2018,3,767.1,67.17162872154115,16
el Raval,2018,4,827.27,58.79673063255152,30
el Barri Gòtic,2018,4,1057.26,74.98297872340426,45
la Barceloneta,2018,4,913.2,52.45261344055141,26
"Sant Pere, Santa Caterina i la Ribera",2018,4,1000.52,65.82368421052632,26
el Fort Pienc,2018,4,983.1,72.23365172667157,91
la Sagrada Família,2018,4,930.02,66.19359430604982,99
la Dreta de l'Eixample,2018,4,1340.38,92.8240997229917,315
l'Antiga Esquerra de l'Eixample,2018,4,1164.32,81.02435629784273,141
la Nova Esquerra de l'Eixample,2018,4,1017.56,72.06515580736544,125
Sant Antoni,2018,4,960.3,71.1860637509266,65
el Poble Sec,2018,4,813.74,58.0413694721826,60
la Marina de Port,2018,4,778.52,70.13693693693693,21
la Font de la Guatlla,2018,4,810.24,66.79637262984336,14
Hostafrancs,2018,4,811.0,58.3873290136789,31
la Bordeta,2018,4,825.36,66.99350649350649,24
Sants - Badal,2018,4,831.19,62.448534936138245,15
Sants,2018,4,834.64,62.286567164179104,43
les Corts,2018,4,1031.46,68.53554817275747,85
la Maternitat i Sant Ramon,2018,4,960.03,70.95565410199556,70
Pedralbes,2018,4,1615.31,105.09499024072868,47
"Vallvidrera, el Tibidabo i les Planes",2018,4,898.33,63.04070175438597,5
Sarrià,2018,4,1422.8,79.88770353733858,58
les Tres Torres,2018,4,1567.91,95.42970176506392,38
Sant Gervasi - la Bonanova,2018,4,1283.24,78.87154271665642,71
Sant Gervasi - Galvany,2018,4,1374.82,90.03405370006548,99
el Putxet i el Farró,2018,4,1031.54,69.93491525423728,29
Vallcarca i els Penitents,2018,4,971.51,67.74825662482566,33
el Coll,2018,4,748.9,63.03872053872053,10
la Salut,2018,4,930.09,69.7741935483871,14
la Vila de Gràcia,2018,4,927.06,62.80894308943089,41
el Camp d'en Grassot i Gràcia Nova,2018,4,945.81,67.26955903271693,37
el Baix Guinardó,2018,4,827.04,65.37865612648221,29
Can Baró,2018,4,727.05,59.88879736408566,6
el Guinardó,2018,4,796.35,64.32552504038772,48
la Font d'en Fargues,2018,4,840.52,67.67471819645732,8
el Carmel,2018,4,653.21,56.31120689655173,28
la Teixonera,2018,4,721.23,59.26294165981923,7
Sant Genís dels Agudells,2018,4,666.91,69.76046025104601,17
Montbau,2018,4,750.95,64.79292493528905,16
la Vall d'Hebron,2018,4,876.65,69.6306592533757,23
Horta,2018,4,745.35,63.38010204081633,45
Vilapicina i la Torre Llobeta,2018,4,782.95,65.02906976744187,30
Porta,2018,4,723.34,60.58123953098828,29
el Turó de la Peira,2018,4,692.05,60.54680664916885,5
la Guineueta,2018,4,708.41,70.77022977022978,14
Canyelles,2018,4,774.38,76.74727452923688,17
les Roquetes,2018,4,595.81,54.71166207529844,13
Verdun,2018,4,649.22,54.46476510067114,5
la Prosperitat,2018,4,698.08,56.25141015310234,22
la Trinitat Nova,2018,4,575.38,49.17777777777778,17
Ciutat Meridiana,2018,4,514.52,59.14022988505747,3
la Trinitat Vella,2018,4,564.56,60.059574468085096,49
el Bon Pastor,2018,4,696.06,65.17415730337078,54
Sant Andreu,2018,4,782.15,63.90114379084967,61
la Sagrera,2018,4,798.32,65.2755519215045,24
el Congrés i els Indians,2018,4,804.74,66.07060755336617,10
Navas,2018,4,840.01,69.30775577557756,30
el Camp de l'Arpa del Clot,2018,4,851.58,62.70839469808542,39
el Clot,2018,4,835.55,67.00481154771451,41
el Parc i la Llacuna del Poblenou,2018,4,938.59,66.284604519774,27
la Vila Olímpica del Poblenou,2018,4,1292.23,77.61141141141142,31
el Poblenou,2018,4,970.64,65.76151761517615,43
Diagonal Mar i el Front Marítim del Poblenou,2018,4,1307.79,77.65973871733966,30
el Besòs i el Maresme,2018,4,711.67,61.66984402079723,20
Provençals del Poblenou,2018,4,999.63,70.05115627189909,58
Sant Martí de Provençals,2018,4,823.46,69.96261682242991,23
la Verneda i la Pau,2018,4,756.1,64.02201524132091,19
el Raval,2019,1,822.6,58.340425531914896,43
el Barri Gòtic,2019,1,1060.9,73.16551724137932,35
la Barceloneta,2019,1,891.3,53.05357142857142,41
"Sant Pere, Santa Caterina i la Ribera",2019,1,990.2,67.36054421768708,41
el Fort Pienc,2019,1,957.2,69.86861313868614,71
la Sagrada Família,2019,1,936.3,65.02083333333333,100
la Dreta de l'Eixample,2019,1,1269.1,91.30215827338128,331
l'Antiga Esquerra de l'Eixample,2019,1,1123.0,78.53146853146853,155
la Nova Esquerra de l'Eixample,2019,1,1008.5,72.55395683453237,121
Sant Antoni,2019,1,986.2,71.46376811594203,59
el Poble Sec,2019,1,815.8,57.04895104895104,61
la Marina de Port,2019,1,714.9,70.78217821782178,31
la Font de la Guatlla,2019,1,857.6,66.48062015503876,12
Hostafrancs,2019,1,810.0,57.4468085106383,40
la Bordeta,2019,1,844.1,67.528,32
Sants - Badal,2019,1,823.5,61.45522388059701,12
Sants,2019,1,873.0,63.72262773722628,47
les Corts,2019,1,1070.0,73.28767123287672,84
la Maternitat i Sant Ramon,2019,1,938.5,68.0072463768116,61
Pedralbes,2019,1,1732.5,108.28125,44
"Vallvidrera, el Tibidabo i les Planes",2019,1,1103.5,96.79824561403508,3
Sarrià,2019,1,1297.7,79.61349693251533,50
les Tres Torres,2019,1,1645.9,99.75151515151516,42
Sant Gervasi - la Bonanova,2019,1,1226.4,79.12258064516129,72
Sant Gervasi - Galvany,2019,1,1357.9,94.29861111111111,132
el Putxet i el Farró,2019,1,1057.1,69.54605263157895,33
Vallcarca i els Penitents,2019,1,907.5,66.7279411764706,33
el Coll,2019,1,750.6,61.524590163934434,9
la Salut,2019,1,883.4,69.55905511811024,25
la Vila de Gràcia,2019,1,933.4,63.067567567567565,28
el Camp d'en Grassot i Gràcia Nova,2019,1,937.3,66.47517730496453,35
el Baix Guinardó,2019,1,859.1,66.59689922480621,36
Can Baró,2019,1,791.2,58.1764705882353,2
el Guinardó,2019,1,789.8,63.69354838709677,29
la Font d'en Fargues,2019,1,796.5,68.66379310344828,7
el Carmel,2019,1,670.6,55.88333333333333,23
la Teixonera,2019,1,704.4,60.20512820512821,4
Sant Genís dels Agudells,2019,1,759.2,69.65137614678899,6
Montbau,2019,1,780.4,67.27586206896552,10
la Vall d'Hebron,2019,1,870.2,65.42857142857143,21
Horta,2019,1,777.0,63.68852459016394,40
Vilapicina i la Torre Llobeta,2019,1,758.5,63.739495798319325,20
Porta,2019,1,722.8,62.310344827586206,25
el Turó de la Peira,2019,1,685.3,60.114035087719294,12
la Guineueta,2019,1,751.0,72.9126213592233,11
Canyelles,2019,1,791.9,82.48958333333333,14
les Roquetes,2019,1,636.1,53.90677966101695,12
Verdun,2019,1,633.2,59.17757009345795,10
la Prosperitat,2019,1,677.4,57.8974358974359,20
la Trinitat Nova,2019,1,612.3,51.025,14
Ciutat Meridiana,2019,1,575.4,58.71428571428571,2
la Trinitat Vella,2019,1,601.2,58.36893203883495,19
el Bon Pastor,2019,1,705.8,64.75229357798165,45
Sant Andreu,2019,1,795.3,65.18852459016394,47
la Sagrera,2019,1,807.6,65.12903225806451,19
el Congrés i els Indians,2019,1,772.3,67.15652173913043,13
Navas,2019,1,855.3,69.53658536585365,18
el Camp de l'Arpa del Clot,2019,1,845.3,64.52671755725191,43
el Clot,2019,1,828.8,64.24806201550388,55
el Parc i la Llacuna del Poblenou,2019,1,950.8,64.68027210884354,42
la Vila Olímpica del Poblenou,2019,1,1304.0,76.25730994152046,28
el Poblenou,2019,1,952.5,66.14583333333333,48
Diagonal Mar i el Front Marítim del Poblenou,2019,1,1231.2,75.53374233128834,33
el Besòs i el Maresme,2019,1,694.8,63.16363636363636,23
Provençals del Poblenou,2019,1,959.2,69.00719424460432,43
Sant Martí de Provençals,2019,1,840.2,71.81196581196582,16
la Verneda i la Pau,2019,1,764.6,66.48695652173913,14
el Raval,2019,2,867.0,59.793103448275865,34
el Barri Gòtic,2019,2,1112.1,79.43571428571428,40
la Barceloneta,2019,2,924.0,51.04972375690608,38
"Sant Pere, Santa Caterina i la Ribera",2019,2,1010.1,65.16774193548387,41
el Fort Pienc,2019,2,988.7,72.69852941176471,94
la Sagrada Família,2019,2,942.9,65.47916666666666,101
la Dreta de l'Eixample,2019,2,1277.9,89.99295774647888,351
l'Antiga Esquerra de l'Eixample,2019,2,1139.8,80.83687943262412,164
la Nova Esquerra de l'Eixample,2019,2,1032.9,70.74657534246576,113
Sant Antoni,2019,2,985.2,70.37142857142858,62
el Poble Sec,2019,2,823.4,57.985915492957744,81
la Marina de Port,2019,2,753.1,71.04716981132076,29
la Font de la Guatlla,2019,2,854.2,67.7936507936508,16
Hostafrancs,2019,2,824.2,61.96992481203007,43
la Bordeta,2019,2,859.5,69.31451612903226,24
Sants - Badal,2019,2,858.4,62.20289855072463,18
Sants,2019,2,867.5,62.410071942446045,46
les Corts,2019,2,1085.1,72.8255033557047,78
la Maternitat i Sant Ramon,2019,2,973.0,70.5072463768116,73
Pedralbes,2019,2,1746.7,118.02027027027027,57
"Vallvidrera, el Tibidabo i les Planes",2019,2,1121.6,83.08148148148148,8
Sarrià,2019,2,1334.2,79.41666666666667,49
les Tres Torres,2019,2,1602.5,94.8224852071006,34
Sant Gervasi - la Bonanova,2019,2,1310.0,83.43949044585987,52
Sant Gervasi - Galvany,2019,2,1360.3,87.76129032258065,121
el Putxet i el Farró,2019,2,1115.7,75.38513513513513,31
Vallcarca i els Penitents,2019,2,1028.9,71.4513888888889,27
el Coll,2019,2,819.8,65.584,8
la Salut,2019,2,899.2,69.70542635658914,24
la Vila de Gràcia,2019,2,951.2,62.57894736842106,35
el Camp d'en Grassot i Gràcia Nova,2019,2,978.3,66.55102040816327,30
el Baix Guinardó,2019,2,866.8,67.1937984496124,30
Can Baró,2019,2,764.5,58.80769230769231,5
el Guinardó,2019,2,825.0,63.95348837209302,23
la Font d'en Fargues,2019,2,1044.0,75.10791366906474,2
el Carmel,2019,2,666.9,57.99130434782609,22
la Teixonera,2019,2,725.9,58.072,7
Sant Genís dels Agudells,2019,2,705.1,71.22222222222223,23
Montbau,2019,2,802.4,68.58119658119658,10
la Vall d'Hebron,2019,2,796.6,63.728,23
Horta,2019,2,760.6,62.85950413223141,36
Vilapicina i la Torre Llobeta,2019,2,773.7,63.418032786885256,29
Porta,2019,2,775.3,63.54918032786885,20
el Turó de la Peira,2019,2,702.4,58.04958677685951,10
la Guineueta,2019,2,723.1,73.78571428571428,18
Canyelles,2019,2,756.4,81.33333333333333,14
les Roquetes,2019,2,625.3,56.33333333333333,9
Verdun,2019,2,653.3,53.54918032786885,3
la Prosperitat,2019,2,673.7,56.14166666666667,21
la Trinitat Nova,2019,2,640.2,50.015625,14
Ciutat Meridiana,2019,2,559.8,59.553191489361694,1
la Trinitat Vella,2019,2,614.7,59.67961165048544,24
el Bon Pastor,2019,2,659.2,65.26732673267327,45
Sant Andreu,2019,2,800.9,63.06299212598425,51
la Sagrera,2019,2,807.5,64.0873015873016,33
el Congrés i els Indians,2019,2,782.7,64.15573770491804,18
Navas,2019,2,836.9,69.16528925619835,24
el Camp de l'Arpa del Clot,2019,2,844.3,62.54074074074074,35
el Clot,2019,2,829.4,64.29457364341084,55
el Parc i la Llacuna del Poblenou,2019,2,1066.6,70.17105263157895,41
la Vila Olímpica del Poblenou,2019,2,1444.6,83.02298850574712,32
el Poblenou,2019,2,996.7,68.26712328767124,40
Diagonal Mar i el Front Marítim del Poblenou,2019,2,1388.1,86.21739130434781,34
el Besòs i el Maresme,2019,2,844.5,70.375,18
Provençals del Poblenou,2019,2,960.1,70.59558823529412,44
Sant Martí de Provençals,2019,2,844.1,69.7603305785124,18
la Verneda i la Pau,2019,2,798.1,67.63559322033898,27
el Raval,2019,3,869.1,59.12244897959184,50
el Barri Gòtic,2019,3,1082.4,75.6923076923077,34
la Barceloneta,2019,3,871.6,49.24293785310735,48
"Sant Pere, Santa Caterina i la Ribera",2019,3,1020.2,64.98089171974523,33
el Fort Pienc,2019,3,1031.3,72.1188811188811,88
la Sagrada Família,2019,3,979.6,67.0958904109589,99
la Dreta de l'Eixample,2019,3,1348.9,88.74342105263159,306
l'Antiga Esquerra de l'Eixample,2019,3,1194.4,81.25170068027212,151
la Nova Esquerra de l'Eixample,2019,3,1081.4,74.06849315068494,97
Sant Antoni,2019,3,987.2,71.02158273381295,50
el Poble Sec,2019,3,865.8,60.12499999999999,62
la Marina de Port,2019,3,790.1,71.18018018018019,28
la Font de la Guatlla,2019,3,881.5,67.8076923076923,18
Hostafrancs,2019,3,834.6,59.19148936170213,39
la Bordeta,2019,3,832.9,62.62406015037593,32
Sants - Badal,2019,3,888.3,62.556338028169016,15
Sants,2019,3,884.3,63.61870503597122,52
les Corts,2019,3,1113.9,73.28289473684211,66
la Maternitat i Sant Ramon,2019,3,1040.3,69.35333333333332,44
Pedralbes,2019,3,1950.1,118.90853658536584,50
"Vallvidrera, el Tibidabo i les Planes",2019,3,1355.5,84.71875,3
Sarrià,2019,3,1449.5,84.2732558139535,37
les Tres Torres,2019,3,1614.8,93.34104046242774,18
Sant Gervasi - la Bonanova,2019,3,1317.0,79.81818181818181,35
Sant Gervasi - Galvany,2019,3,1412.2,88.81761006289308,102
el Putxet i el Farró,2019,3,1070.2,71.34666666666666,31
Vallcarca i els Penitents,2019,3,953.7,68.61151079136691,23
el Coll,2019,3,813.8,63.57812499999999,5
la Salut,2019,3,926.4,67.62043795620438,25
la Vila de Gràcia,2019,3,991.5,63.55769230769231,34
el Camp d'en Grassot i Gràcia Nova,2019,3,996.3,65.54605263157895,31
el Baix Guinardó,2019,3,902.2,63.53521126760564,26
Can Baró,2019,3,762.5,56.48148148148148,5
el Guinardó,2019,3,819.7,63.05384615384616,21
la Font d'en Fargues,2019,3,880.2,68.765625,10
el Carmel,2019,3,703.3,54.94531249999999,23
la Teixonera,2019,3,773.7,58.61363636363637,7
Sant Genís dels Agudells,2019,3,756.0,72.6923076923077,17
Montbau,2019,3,792.4,65.48760330578513,13
la Vall d'Hebron,2019,3,830.0,61.940298507462686,9
Horta,2019,3,788.6,62.58730158730159,26
Vilapicina i la Torre Llobeta,2019,3,792.2,65.47107438016529,17
Porta,2019,3,749.2,58.99212598425198,18
el Turó de la Peira,2019,3,690.0,59.48275862068966,6
la Guineueta,2019,3,721.1,68.67619047619048,14
Canyelles,2019,3,714.4,75.2,10
les Roquetes,2019,3,612.3,54.185840707964594,22
Verdun,2019,3,696.1,55.24603174603175,3
la Prosperitat,2019,3,696.3,55.26190476190476,24
la Trinitat Nova,2019,3,617.9,50.64754098360656,21
Ciutat Meridiana,2019,3,532.6,56.659574468085104,3
la Trinitat Vella,2019,3,569.9,64.03370786516854,22
el Bon Pastor,2019,3,654.3,63.52427184466018,40
Sant Andreu,2019,3,805.0,64.4,44
la Sagrera,2019,3,827.1,62.659090909090914,18
el Congrés i els Indians,2019,3,805.9,65.52032520325203,14
Navas,2019,3,864.6,69.7258064516129,26
el Camp de l'Arpa del Clot,2019,3,879.5,64.66911764705883,28
el Clot,2019,3,899.1,65.15217391304347,30
el Parc i la Llacuna del Poblenou,2019,3,959.6,66.17931034482758,34
la Vila Olímpica del Poblenou,2019,3,1332.4,74.43575418994415,43
el Poblenou,2019,3,1024.3,66.08387096774193,50
Diagonal Mar i el Front Marítim del Poblenou,2019,3,1409.4,76.1837837837838,26
el Besòs i el Maresme,2019,3,728.3,62.78448275862069,16
Provençals del Poblenou,2019,3,996.4,69.19444444444444,49
Sant Martí de Provençals,2019,3,829.7,69.72268907563026,23
la Verneda i la Pau,2019,3,770.2,68.76785714285715,15
el Raval,2019,4,844.9,60.35,43
el Barri Gòtic,2019,4,1139.7,79.6993006993007,39
la Barceloneta,2019,4,893.0,52.52941176470589,34
"Sant Pere, Santa Caterina i la Ribera",2019,4,966.4,65.29729729729729,30
el Fort Pienc,2019,4,1064.4,73.91666666666667,75
la Sagrada Família,2019,4,980.0,67.58620689655173,116
la Dreta de l'Eixample,2019,4,1333.0,93.2167832167832,311
l'Antiga Esquerra de l'Eixample,2019,4,1187.6,80.24324324324323,153
la Nova Esquerra de l'Eixample,2019,4,1083.7,72.73154362416108,108
Sant Antoni,2019,4,1018.4,73.79710144927536,59
el Poble Sec,2019,4,846.2,58.358620689655176,63
la Marina de Port,2019,4,816.7,71.01739130434783,20
la Font de la Guatlla,2019,4,868.8,67.87499999999999,14
Hostafrancs,2019,4,854.4,61.46762589928057,42
la Bordeta,2019,4,870.0,67.44186046511628,39
Sants - Badal,2019,4,838.0,60.724637681159415,26
Sants,2019,4,884.8,63.6546762589928,43
les Corts,2019,4,1116.2,72.48051948051948,83
la Maternitat i Sant Ramon,2019,4,1078.1,71.87333333333332,54
Pedralbes,2019,4,2023.4,130.541935483871,56
"Vallvidrera, el Tibidabo i les Planes",2019,4,1220.0,85.91549295774648,7
Sarrià,2019,4,1398.4,82.25882352941177,55
les Tres Torres,2019,4,1745.0,100.28735632183908,49
Sant Gervasi - la Bonanova,2019,4,1361.6,83.02439024390245,58
Sant Gervasi - Galvany,2019,4,1455.9,95.78289473684212,104
el Putxet i el Farró,2019,4,1099.8,72.83443708609272,39
Vallcarca i els Penitents,2019,4,987.0,69.50704225352113,38
el Coll,2019,4,817.5,61.93181818181819,8
la Salut,2019,4,954.4,72.30303030303031,11
la Vila de Gràcia,2019,4,975.7,65.92567567567568,31
el Camp d'en Grassot i Gràcia Nova,2019,4,1017.6,68.29530201342281,47
el Baix Guinardó,2019,4,897.7,65.05072463768116,31
Can Baró,2019,4,755.9,55.992592592592594,6
el Guinardó,2019,4,843.1,62.9179104477612,29
la Font d'en Fargues,2019,4,850.9,64.46212121212122,8
el Carmel,2019,4,700.2,57.39344262295083,20
la Teixonera,2019,4,747.3,58.38281249999999,8
Sant Genís dels Agudells,2019,4,740.2,63.81034482758621,12
Montbau,2019,4,798.5,65.45081967213115,11
la Vall d'Hebron,2019,4,954.5,68.66906474820144,20
Horta,2019,4,802.5,62.6953125,39
Vilapicina i la Torre Llobeta,2019,4,801.8,64.66129032258064,16
Porta,2019,4,756.8,59.59055118110236,16
el Turó de la Peira,2019,4,710.7,60.74358974358975,5
la Guineueta,2019,4,783.0,68.08695652173913,12
Canyelles,2019,4,722.5,76.05263157894737,9
les Roquetes,2019,4,610.5,56.00917431192661,9
Verdun,2019,4,668.7,51.43846153846154,3
la Prosperitat,2019,4,692.5,58.193277310924366,31
la Trinitat Nova,2019,4,561.4,48.81739130434782,17
Ciutat Meridiana,2019,4,572.9,57.29,4
la Trinitat Vella,2019,4,622.3,57.62037037037036,21
el Bon Pastor,2019,4,713.4,66.67289719626169,37
Sant Andreu,2019,4,819.3,65.02380952380952,43
la Sagrera,2019,4,829.1,66.328,26
el Congrés i els Indians,2019,4,816.7,66.39837398373983,11
Navas,2019,4,856.8,66.41860465116278,18
el Camp de l'Arpa del Clot,2019,4,857.9,61.71942446043165,47
el Clot,2019,4,871.6,65.53383458646617,47
el Parc i la Llacuna del Poblenou,2019,4,1072.8,69.21290322580644,35
la Vila Olímpica del Poblenou,2019,4,1357.8,76.71186440677967,21
el Poblenou,2019,4,1051.3,66.1194968553459,50
Diagonal Mar i el Front Marítim del Poblenou,2019,4,1498.6,81.0054054054054,37
el Besòs i el Maresme,2019,4,693.8,64.24074074074073,25
Provençals del Poblenou,2019,4,1013.6,69.90344827586208,46
Sant Martí de Provençals,2019,4,835.7,69.64166666666667,24
la Verneda i la Pau,2019,4,781.0,68.50877192982456,26
el Raval,2020,1,864.5,59.62068965517241,36
el Barri Gòtic,2020,1,1110.2,78.1830985915493,36
la Barceloneta,2020,1,899.5,51.4,30
"Sant Pere, Santa Caterina i la Ribera",2020,1,1030.0,69.12751677852349,21
el Fort Pienc,2020,1,1059.9,72.59589041095892,68
la Sagrada Família,2020,1,952.6,65.24657534246576,104
la Dreta de l'Eixample,2020,1,1349.6,93.7222222222222,246
l'Antiga Esquerra de l'Eixample,2020,1,1150.8,80.47552447552447,139
la Nova Esquerra de l'Eixample,2020,1,1043.8,72.4861111111111,86
Sant Antoni,2020,1,1010.5,71.66666666666667,41
el Poble Sec,2020,1,837.0,58.531468531468526,55
la Marina de Port,2020,1,810.1,70.44347826086957,32
la Font de la Guatlla,2020,1,882.4,67.3587786259542,15
Hostafrancs,2020,1,865.0,64.07407407407408,46
la Bordeta,2020,1,870.0,64.92537313432835,34
Sants - Badal,2020,1,858.3,62.19565217391304,18
Sants,2020,1,891.4,61.47586206896552,39
les Corts,2020,1,1069.9,71.32666666666667,73
la Maternitat i Sant Ramon,2020,1,989.6,69.69014084507043,42
Pedralbes,2020,1,1626.9,104.28846153846156,43
"Vallvidrera, el Tibidabo i les Planes",2020,1,1191.3,97.64754098360656,8
Sarrià,2020,1,1417.7,83.88757396449705,46
les Tres Torres,2020,1,1662.4,101.9877300613497,26
Sant Gervasi - la Bonanova,2020,1,1311.5,83.00632911392405,47
Sant Gervasi - Galvany,2020,1,1388.9,90.18831168831169,100
el Putxet i el Farró,2020,1,1053.9,69.79470198675497,20
Vallcarca i els Penitents,2020,1,966.4,68.05633802816902,28
el Coll,2020,1,814.8,64.15748031496064,8
la Salut,2020,1,939.7,66.17605633802818,13
la Vila de Gràcia,2020,1,963.6,64.67114093959732,25
el Camp d'en Grassot i Gràcia Nova,2020,1,967.9,69.13571428571429,35
el Baix Guinardó,2020,1,920.8,66.72463768115941,27
Can Baró,2020,1,816.4,63.28682170542636,3
el Guinardó,2020,1,841.0,61.83823529411765,33
la Font d'en Fargues,2020,1,928.3,76.09016393442623,15
el Carmel,2020,1,707.9,57.55284552845528,20
la Teixonera,2020,1,741.3,63.9051724137931,5
Sant Genís dels Agudells,2020,1,698.9,68.51960784313725,13
Montbau,2020,1,788.1,66.78813559322033,17
la Vall d'Hebron,2020,1,963.4,77.072,21
Horta,2020,1,815.7,62.74615384615385,35
Vilapicina i la Torre Llobeta,2020,1,789.9,64.21951219512195,24
Porta,2020,1,690.4,60.56140350877192,16
el Turó de la Peira,2020,1,686.4,60.21052631578947,4
la Guineueta,2020,1,735.4,72.09803921568627,13
Canyelles,2020,1,778.0,77.02970297029704,7
les Roquetes,2020,1,636.8,54.89655172413793,13
Verdun,2020,1,675.4,56.7563025210084,11
la Prosperitat,2020,1,714.8,56.73015873015873,20
la Trinitat Nova,2020,1,565.8,47.94915254237287,13
Ciutat Meridiana,2020,1,546.1,58.72043010752688,2
la Trinitat Vella,2020,1,605.0,59.9009900990099,31
el Bon Pastor,2020,1,725.8,59.008130081300806,33
Sant Andreu,2020,1,798.9,64.4274193548387,42
la Sagrera,2020,1,777.2,61.19685039370079,24
el Congrés i els Indians,2020,1,815.5,63.21705426356589,7
Navas,2020,1,873.0,68.74015748031496,18
el Camp de l'Arpa del Clot,2020,1,887.3,62.04895104895104,32
el Clot,2020,1,865.8,64.61194029850746,36
el Parc i la Llacuna del Poblenou,2020,1,969.1,68.24647887323944,43
la Vila Olímpica del Poblenou,2020,1,1427.5,82.04022988505747,30
el Poblenou,2020,1,1037.0,68.22368421052632,45
Diagonal Mar i el Front Marítim del Poblenou,2020,1,1233.2,78.0506329113924,24
el Besòs i el Maresme,2020,1,749.7,61.95867768595042,20
Provençals del Poblenou,2020,1,1000.1,69.93706293706293,27
Sant Martí de Provençals,2020,1,863.0,72.52100840336134,21
la Verneda i la Pau,2020,1,765.3,67.72566371681415,24
el Raval,2020,2,853.3,58.04761904761904,12
el Barri Gòtic,2020,2,1041.0,77.6865671641791,18
la Barceloneta,2020,2,856.5,50.08771929824561,10
"Sant Pere, Santa Caterina i la Ribera",2020,2,919.8,61.73154362416107,13
el Fort Pienc,2020,2,999.9,74.61940298507463,22
la Sagrada Família,2020,2,943.5,66.44366197183099,37
la Dreta de l'Eixample,2020,2,1249.4,87.37062937062937,107
l'Antiga Esquerra de l'Eixample,2020,2,1159.0,81.61971830985915,51
la Nova Esquerra de l'Eixample,2020,2,1029.5,71.99300699300699,46
Sant Antoni,2020,2,986.1,69.93617021276596,24
el Poble Sec,2020,2,856.2,57.46308724832215,20
la Marina de Port,2020,2,687.8,70.18367346938774,10
la Font de la Guatlla,2020,2,825.5,69.36974789915966,4
Hostafrancs,2020,2,867.8,64.28148148148148,14
la Bordeta,2020,2,893.6,72.06451612903226,16
Sants - Badal,2020,2,849.5,59.4055944055944,8
Sants,2020,2,874.3,67.7751937984496,15
les Corts,2020,2,1096.6,71.67320261437908,44
la Maternitat i Sant Ramon,2020,2,946.1,68.55797101449275,17
Pedralbes,2020,2,1822.7,108.49404761904762,19
"Vallvidrera, el Tibidabo i les Planes",2020,2,1078.1,92.14529914529916,6
Sarrià,2020,2,1432.2,79.56666666666666,15
les Tres Torres,2020,2,1679.1,93.28333333333332,16
Sant Gervasi - la Bonanova,2020,2,1272.1,86.53741496598639,25
Sant Gervasi - Galvany,2020,2,1304.4,82.55696202531645,34
el Putxet i el Farró,2020,2,1073.3,67.93037974683544,11
Vallcarca i els Penitents,2020,2,1060.5,68.41935483870968,11
el Coll,2020,2,910.3,65.48920863309353,3
la Salut,2020,2,998.5,68.39041095890411,9
la Vila de Gràcia,2020,2,950.9,64.68707482993197,14
el Camp d'en Grassot i Gràcia Nova,2020,2,968.7,68.21830985915494,20
el Baix Guinardó,2020,2,916.1,65.43571428571428,10
el Guinardó,2020,2,860.4,63.73333333333333,14
la Font d'en Fargues,2020,2,997.3,77.91406249999999,8
el Carmel,2020,2,682.8,56.4297520661157,18
la Teixonera,2020,2,695.6,52.30075187969925,6
Sant Genís dels Agudells,2020,2,791.3,65.94166666666666,3
Montbau,2020,2,758.9,77.43877551020407,4
la Vall d'Hebron,2020,2,879.2,67.63076923076923,8
Horta,2020,2,767.6,61.903225806451616,11
Vilapicina i la Torre Llobeta,2020,2,803.2,66.3801652892562,13
Porta,2020,2,725.9,59.99173553719008,5
el Turó de la Peira,2020,2,721.3,58.64227642276422,5
la Guineueta,2020,2,686.6,67.98019801980199,14
Canyelles,2020,2,750.25,76.55612244897956,1
les Roquetes,2020,2,633.8,54.637931034482754,9
Verdun,2020,2,603.9,54.4054054054054,4
la Prosperitat,2020,2,707.8,56.17460317460317,7
la Trinitat Nova,2020,2,623.8,49.507936507936506,12
Ciutat Meridiana,2020,2,508.4,59.811764705882354,4
la Trinitat Vella,2020,2,701.0,60.43103448275862,10
el Bon Pastor,2020,2,759.5,63.8235294117647,14
Sant Andreu,2020,2,835.3,65.25781249999999,22
la Sagrera,2020,2,809.5,66.90082644628099,12
el Congrés i els Indians,2020,2,788.2,69.14035087719299,3
Navas,2020,2,898.5,68.58778625954199,5
el Camp de l'Arpa del Clot,2020,2,853.8,63.24444444444444,14
el Clot,2020,2,890.9,65.50735294117646,24
el Parc i la Llacuna del Poblenou,2020,2,975.7,64.19078947368422,5
la Vila Olímpica del Poblenou,2020,2,1446.1,69.19138755980862,13
el Poblenou,2020,2,987.1,67.14965986394559,15
Diagonal Mar i el Front Marítim del Poblenou,2020,2,840.9,49.46470588235294,5
el Besòs i el Maresme,2020,2,696.9,63.35454545454545,16
Provençals del Poblenou,2020,2,1076.6,69.01282051282051,19
Sant Martí de Provençals,2020,2,854.3,72.39830508474576,13
la Verneda i la Pau,2020,2,767.5,67.92035398230088,6
el Raval,2020,3,833.9,59.56428571428571,31
el Barri Gòtic,2020,3,982.5,72.24264705882354,22
la Barceloneta,2020,3,823.1,45.22527472527473,34
"Sant Pere, Santa Caterina i la Ribera",2020,3,970.9,66.5,15
el Fort Pienc,2020,3,997.4,71.75539568345323,59
la Sagrada Família,2020,3,973.0,66.19047619047619,84
la Dreta de l'Eixample,2020,3,1273.9,88.46527777777779,209
l'Antiga Esquerra de l'Eixample,2020,3,1192.3,80.5608108108108,116
la Nova Esquerra de l'Eixample,2020,3,1067.4,71.16000000000001,76
Sant Antoni,2020,3,959.3,68.52142857142857,45
el Poble Sec,2020,3,820.2,58.17021276595745,43
la Marina de Port,2020,3,828.2,70.7863247863248,22
la Font de la Guatlla,2020,3,873.9,63.326086956521735,10
Hostafrancs,2020,3,842.1,57.67808219178082,36
la Bordeta,2020,3,892.3,67.09022556390977,26
Sants - Badal,2020,3,858.2,60.86524822695036,13
Sants,2020,3,883.1,62.19014084507042,24
les Corts,2020,3,1058.1,71.01342281879194,65
la Maternitat i Sant Ramon,2020,3,1012.4,71.80141843971631,47
Pedralbes,2020,3,1932.3,125.47402597402596,21
"Vallvidrera, el Tibidabo i les Planes",2020,3,1192.8,90.36363636363636,13
Sarrià,2020,3,1314.4,75.54022988505749,26
les Tres Torres,2020,3,1699.4,106.88050314465409,33
Sant Gervasi - la Bonanova,2020,3,1321.9,85.28387096774195,50
Sant Gervasi - Galvany,2020,3,1427.9,91.53205128205128,63
el Putxet i el Farró,2020,3,1073.4,69.70129870129871,17
Vallcarca i els Penitents,2020,3,909.9,65.46043165467626,35
el Coll,2020,3,777.6,69.42857142857143,3
la Salut,2020,3,1001.2,74.71641791044776,8
la Vila de Gràcia,2020,3,956.5,63.34437086092716,31
el Camp d'en Grassot i Gràcia Nova,2020,3,958.2,65.18367346938776,35
el Baix Guinardó,2020,3,901.0,63.00699300699301,22
Can Baró,2020,3,848.5,64.28030303030303,3
el Guinardó,2020,3,825.8,62.56060606060606,34
la Font d'en Fargues,2020,3,926.5,63.89655172413793,5
el Carmel,2020,3,706.0,57.39837398373984,19
la Teixonera,2020,3,748.5,62.89915966386555,11
Sant Genís dels Agudells,2020,3,787.4,72.23853211009174,13
Montbau,2020,3,770.2,63.65289256198348,21
la Vall d'Hebron,2020,3,830.0,66.93548387096774,6
Horta,2020,3,788.0,62.04724409448819,37
Vilapicina i la Torre Llobeta,2020,3,842.0,64.27480916030534,18
Porta,2020,3,759.3,59.32031249999999,20
el Turó de la Peira,2020,3,712.8,60.92307692307692,8
la Guineueta,2020,3,771.4,68.2654867256637,14
Canyelles,2020,3,833.3,81.69607843137256,13
les Roquetes,2020,3,627.0,53.13559322033898,4
Verdun,2020,3,692.2,55.822580645161295,3
la Prosperitat,2020,3,712.1,56.968,28
la Trinitat Nova,2020,3,583.8,53.07272727272727,13
Ciutat Meridiana,2020,3,572.4,57.81818181818181,6
la Trinitat Vella,2020,3,668.5,60.22522522522523,16
el Bon Pastor,2020,3,738.0,58.57142857142858,35
Sant Andreu,2020,3,825.9,65.03149606299213,41
la Sagrera,2020,3,795.0,64.11290322580645,19
el Congrés i els Indians,2020,3,834.2,65.68503937007874,19
Navas,2020,3,858.4,68.12698412698413,18
el Camp de l'Arpa del Clot,2020,3,894.2,65.27007299270073,26
el Clot,2020,3,869.1,64.85820895522389,29
el Parc i la Llacuna del Poblenou,2020,3,1006.3,68.45578231292517,25
la Vila Olímpica del Poblenou,2020,3,1346.7,77.84393063583815,15
el Poblenou,2020,3,1006.9,66.24342105263158,27
Diagonal Mar i el Front Marítim del Poblenou,2020,3,1074.4,65.11515151515152,16
el Besòs i el Maresme,2020,3,801.5,65.16260162601625,21
Provençals del Poblenou,2020,3,956.8,67.38028169014085,28
Sant Martí de Provençals,2020,3,822.4,70.2905982905983,20
la Verneda i la Pau,2020,3,782.4,66.30508474576271,16
el Raval,2020,4,787.0,60.0763358778626,22
el Barri Gòtic,2020,4,1003.9,76.63358778625954,27
la Barceloneta,2020,4,875.0,53.03030303030303,16
"Sant Pere, Santa Caterina i la Ribera",2020,4,888.9,62.598591549295776,12
el Fort Pienc,2020,4,959.5,71.07407407407408,55
la Sagrada Família,2020,4,902.1,65.84671532846716,66
la Dreta de l'Eixample,2020,4,1208.8,88.88235294117646,210
l'Antiga Esquerra de l'Eixample,2020,4,1126.0,81.00719424460432,120
la Nova Esquerra de l'Eixample,2020,4,1001.4,71.52857142857142,87
Sant Antoni,2020,4,940.7,69.16911764705883,52
el Poble Sec,2020,4,810.2,57.871428571428574,36
la Marina de Port,2020,4,762.7,70.62037037037037,21
la Font de la Guatlla,2020,4,834.3,61.34558823529412,5
Hostafrancs,2020,4,842.9,60.207142857142856,32
la Bordeta,2020,4,817.4,65.392,22
Sants - Badal,2020,4,823.2,60.97777777777778,17
Sants,2020,4,850.3,62.98518518518518,47
les Corts,2020,4,1037.9,72.0763888888889,67
la Maternitat i Sant Ramon,2020,4,993.3,72.5036496350365,48
Pedralbes,2020,4,1577.1,104.44370860927152,36
"Vallvidrera, el Tibidabo i les Planes",2020,4,1390.0,119.82758620689656,4
Sarrià,2020,4,1338.4,82.61728395061729,47
les Tres Torres,2020,4,1729.5,102.94642857142856,26
Sant Gervasi - la Bonanova,2020,4,1286.0,86.30872483221476,49
Sant Gervasi - Galvany,2020,4,1307.1,88.91836734693878,94
el Putxet i el Farró,2020,4,1033.3,71.26206896551724,41
Vallcarca i els Penitents,2020,4,1026.8,70.81379310344828,23
el Coll,2020,4,790.4,65.86666666666666,4
la Salut,2020,4,941.5,73.5546875,15
la Vila de Gràcia,2020,4,943.2,63.729729729729726,29
el Camp d'en Grassot i Gràcia Nova,2020,4,928.8,68.29411764705883,23
el Baix Guinardó,2020,4,845.6,64.06060606060606,33
Can Baró,2020,4,716.3,56.84920634920635,5
el Guinardó,2020,4,786.5,61.92913385826772,23
la Font d'en Fargues,2020,4,856.4,68.512,3
el Carmel,2020,4,651.4,57.14035087719298,25
la Teixonera,2020,4,679.0,56.583333333333336,6
Sant Genís dels Agudells,2020,4,671.7,69.24742268041238,9
Montbau,2020,4,798.3,63.35714285714285,1
la Vall d'Hebron,2020,4,817.1,71.67543859649123,10
Horta,2020,4,747.5,61.77685950413223,18
Vilapicina i la Torre Llobeta,2020,4,751.8,64.25641025641026,34
Porta,2020,4,723.6,60.3,24
el Turó de la Peira,2020,4,681.3,59.76315789473684,13
la Guineueta,2020,4,750.2,70.11214953271029,15
Canyelles,2020,4,756.1,79.58947368421053,1
les Roquetes,2020,4,651.3,56.14655172413793,14
Verdun,2020,4,644.4,52.81967213114754,4
la Prosperitat,2020,4,673.8,55.68595041322314,22
la Trinitat Nova,2020,4,600.2,50.43697478991597,12
Ciutat Meridiana,2020,4,514.1,58.42045454545455,2
la Trinitat Vella,2020,4,610.0,55.96330275229358,16
el Bon Pastor,2020,4,688.9,64.38317757009347,36
Sant Andreu,2020,4,794.0,64.55284552845528,38
la Sagrera,2020,4,766.6,62.32520325203252,10
el Congrés i els Indians,2020,4,779.4,61.85714285714285,11
Navas,2020,4,846.3,67.704,13
el Camp de l'Arpa del Clot,2020,4,817.7,63.38759689922481,38
el Clot,2020,4,870.8,66.47328244274809,25
el Parc i la Llacuna del Poblenou,2020,4,952.2,69.0,26
la Vila Olímpica del Poblenou,2020,4,1332.4,79.30952380952381,12
el Poblenou,2020,4,974.7,67.22068965517242,45
Diagonal Mar i el Front Marítim del Poblenou,2020,4,1392.6,79.57714285714285,19
el Besòs i el Maresme,2020,4,731.6,62.529914529914535,9
Provençals del Poblenou,2020,4,859.9,68.24603174603175,43
Sant Martí de Provençals,2020,4,807.4,68.42372881355932,27
la Verneda i la Pau,2020,4,765.9,66.02586206896552,17
el Raval,2021,1,759.2,59.3125,25
el Barri Gòtic,2021,1,929.6,75.57723577235772,21
la Barceloneta,2021,1,808.9,52.18709677419355,20
"Sant Pere, Santa Caterina i la Ribera",2021,1,879.4,66.1203007518797,19
el Fort Pienc,2021,1,918.0,71.16279069767441,55
la Sagrada Família,2021,1,887.1,65.71111111111111,81
la Dreta de l'Eixample,2021,1,1176.7,90.51538461538462,197
l'Antiga Esquerra de l'Eixample,2021,1,1040.2,75.92700729927007,122
la Nova Esquerra de l'Eixample,2021,1,964.0,70.88235294117648,69
Sant Antoni,2021,1,898.7,71.896,45
el Poble Sec,2021,1,781.6,57.8962962962963,34
la Marina de Port,2021,1,810.6,69.87931034482759,24
la Font de la Guatlla,2021,1,799.5,62.952755905511815,20
Hostafrancs,2021,1,778.4,60.34108527131782,27
la Bordeta,2021,1,807.6,66.19672131147541,23
Sants - Badal,2021,1,788.1,60.62307692307692,7
Sants,2021,1,829.1,62.81060606060606,29
les Corts,2021,1,990.3,71.76086956521739,52
la Maternitat i Sant Ramon,2021,1,927.3,74.184,45
Pedralbes,2021,1,1598.2,114.15714285714286,32
"Vallvidrera, el Tibidabo i les Planes",2021,1,1531.7,97.56050955414014,14
Sarrià,2021,1,1263.9,81.01923076923077,40
les Tres Torres,2021,1,1578.0,98.625,28
Sant Gervasi - la Bonanova,2021,1,1264.8,83.21052631578948,51
Sant Gervasi - Galvany,2021,1,1294.9,90.55244755244756,68
el Putxet i el Farró,2021,1,990.1,70.21985815602837,27
Vallcarca i els Penitents,2021,1,959.0,70.51470588235294,18
el Coll,2021,1,745.4,59.632,2
la Salut,2021,1,859.1,67.1171875,20
la Vila de Gràcia,2021,1,910.6,64.12676056338029,25
el Camp d'en Grassot i Gràcia Nova,2021,1,865.3,63.625,29
el Baix Guinardó,2021,1,817.3,66.4471544715447,26
Can Baró,2021,1,741.1,58.35433070866142,4
el Guinardó,2021,1,791.7,64.36585365853658,28
la Font d'en Fargues,2021,1,795.0,64.6341463414634,8
el Carmel,2021,1,668.8,58.66666666666666,22
la Teixonera,2021,1,716.1,60.6864406779661,3
Sant Genís dels Agudells,2021,1,700.5,67.35576923076923,13
Montbau,2021,1,741.4,66.19642857142857,12
la Vall d'Hebron,2021,1,827.0,69.49579831932773,24
Horta,2021,1,747.4,63.33898305084745,21
Vilapicina i la Torre Llobeta,2021,1,736.5,65.17699115044248,20
Porta,2021,1,707.2,61.49565217391305,16
el Turó de la Peira,2021,1,687.2,62.47272727272728,6
la Guineueta,2021,1,691.6,69.85858585858585,17
Canyelles,2021,1,762.5,81.98924731182795,9
les Roquetes,2021,1,643.6,55.48275862068966,11
Verdun,2021,1,631.6,50.528,2
la Prosperitat,2021,1,671.8,56.9322033898305,21
la Trinitat Nova,2021,1,605.0,52.60869565217392,14
Ciutat Meridiana,2021,1,520.2,57.8,4
la Trinitat Vella,2021,1,625.1,58.42056074766356,22
el Bon Pastor,2021,1,658.9,60.44954128440367,22
Sant Andreu,2021,1,762.5,65.17094017094017,47
la Sagrera,2021,1,759.3,62.75206611570248,13
el Congrés i els Indians,2021,1,756.9,64.6923076923077,13
Navas,2021,1,824.2,67.55737704918033,20
el Camp de l'Arpa del Clot,2021,1,814.5,63.13953488372093,27
el Clot,2021,1,853.6,65.66153846153847,26
el Parc i la Llacuna del Poblenou,2021,1,927.5,68.70370370370371,20
la Vila Olímpica del Poblenou,2021,1,1298.9,75.08092485549133,17
el Poblenou,2021,1,928.5,64.93006993006993,36
Diagonal Mar i el Front Marítim del Poblenou,2021,1,978.4,64.79470198675497,16
el Besòs i el Maresme,2021,1,704.2,61.77192982456141,32
Provençals del Poblenou,2021,1,976.7,72.34814814814816,35
Sant Martí de Provençals,2021,1,794.6,70.31858407079646,21
la Verneda i la Pau,2021,1,740.8,66.73873873873873,17
el Raval,2021,2,774.2,60.015503875969,34
el Barri Gòtic,2021,2,934.1,73.55118110236221,30
la Barceloneta,2021,2,814.8,51.24528301886792,37
"Sant Pere, Santa Caterina i la Ribera",2021,2,862.1,63.38970588235294,27
el Fort Pienc,2021,2,907.1,71.4251968503937,75
la Sagrada Família,2021,2,887.4,65.73333333333333,71
la Dreta de l'Eixample,2021,2,1196.3,91.3206106870229,188
l'Antiga Esquerra de l'Eixample,2021,2,1070.1,80.45864661654134,117
la Nova Esquerra de l'Eixample,2021,2,953.3,72.21969696969697,86
Sant Antoni,2021,2,928.8,71.44615384615385,49
el Poble Sec,2021,2,773.7,57.31111111111112,58
la Marina de Port,2021,2,772.4,71.5185185185185,27
la Font de la Guatlla,2021,2,810.8,64.86399999999999,14
Hostafrancs,2021,2,772.8,58.99236641221374,34
la Bordeta,2021,2,815.4,67.95,32
Sants - Badal,2021,2,778.1,59.396946564885496,13
Sants,2021,2,815.4,61.77272727272727,36
les Corts,2021,2,998.8,72.37681159420289,63
la Maternitat i Sant Ramon,2021,2,904.8,68.03007518796991,45
Pedralbes,2021,2,1680.3,108.40645161290324,41
"Vallvidrera, el Tibidabo i les Planes",2021,2,1074.7,82.66923076923078,8
Sarrià,2021,2,1298.0,81.63522012578616,50
les Tres Torres,2021,2,1429.0,95.26666666666668,37
Sant Gervasi - la Bonanova,2021,2,1226.1,83.40816326530611,45
Sant Gervasi - Galvany,2021,2,1339.1,92.35172413793104,78
el Putxet i el Farró,2021,2,1024.4,72.14084507042254,16
Vallcarca i els Penitents,2021,2,924.5,67.9779411764706,25
el Coll,2021,2,796.8,62.24999999999999,3
la Salut,2021,2,859.2,71.00826446280992,26
la Vila de Gràcia,2021,2,881.0,63.381294964028775,41
el Camp d'en Grassot i Gràcia Nova,2021,2,880.1,64.71323529411765,20
el Baix Guinardó,2021,2,820.2,64.078125,30
Can Baró,2021,2,773.5,62.37903225806451,5
el Guinardó,2021,2,818.2,63.921875,30
la Font d'en Fargues,2021,2,817.7,69.29661016949153,8
el Carmel,2021,2,667.6,57.55172413793104,25
la Teixonera,2021,2,713.8,59.48333333333333,5
Sant Genís dels Agudells,2021,2,653.5,64.0686274509804,9
Montbau,2021,2,729.9,66.96330275229357,9
la Vall d'Hebron,2021,2,884.2,65.98507462686567,20
Horta,2021,2,734.9,62.27966101694915,40
Vilapicina i la Torre Llobeta,2021,2,754.4,63.932203389830505,19
Porta,2021,2,698.5,62.92792792792793,18
el Turó de la Peira,2021,2,671.8,58.9298245614035,10
la Guineueta,2021,2,698.3,69.13861386138613,7
Canyelles,2021,2,673.8,77.44827586206897,17
les Roquetes,2021,2,608.7,54.34821428571429,12
Verdun,2021,2,648.9,51.09448818897638,5
la Prosperitat,2021,2,680.9,56.27272727272727,28
la Trinitat Nova,2021,2,598.6,50.30252100840336,17
Ciutat Meridiana,2021,2,488.1,60.25925925925927,2
la Trinitat Vella,2021,2,592.4,58.65346534653465,16
el Bon Pastor,2021,2,741.9,65.65486725663716,37
Sant Andreu,2021,2,757.2,63.63025210084034,52
la Sagrera,2021,2,737.4,64.68421052631578,24
el Congrés i els Indians,2021,2,791.3,70.02654867256636,14
Navas,2021,2,827.2,70.7008547008547,18
el Camp de l'Arpa del Clot,2021,2,795.6,61.674418604651166,40
el Clot,2021,2,786.4,62.41269841269841,41
el Parc i la Llacuna del Poblenou,2021,2,911.1,65.54676258992805,16
la Vila Olímpica del Poblenou,2021,2,1248.6,72.17341040462426,27
el Poblenou,2021,2,912.4,64.70921985815603,39
Diagonal Mar i el Front Marítim del Poblenou,2021,2,948.3,60.01898734177215,25
el Besòs i el Maresme,2021,2,700.8,62.57142857142857,19
Provençals del Poblenou,2021,2,884.8,67.03030303030303,32
Sant Martí de Provençals,2021,2,799.7,70.76991150442478,10
la Verneda i la Pau,2021,2,728.2,66.80733944954129,16
el Raval,2021,3,770.5,59.72868217054263,42
el Barri Gòtic,2021,3,968.4,75.06976744186046,36
la Barceloneta,2021,3,826.0,50.67484662576687,40
"Sant Pere, Santa Caterina i la Ribera",2021,3,889.1,66.35074626865672,31
el Fort Pienc,2021,3,970.2,73.50000000000001,63
la Sagrada Família,2021,3,912.4,67.08823529411765,89
la Dreta de l'Eixample,2021,3,1168.4,89.87692307692308,229
l'Antiga Esquerra de l'Eixample,2021,3,1072.9,78.88970588235296,102
la Nova Esquerra de l'Eixample,2021,3,968.6,72.82706766917293,76
Sant Antoni,2021,3,934.3,71.86923076923077,62
el Poble Sec,2021,3,787.0,57.028985507246375,47
la Marina de Port,2021,3,698.5,68.48039215686275,35
la Font de la Guatlla,2021,3,858.7,67.61417322834646,10
Hostafrancs,2021,3,804.6,61.892307692307696,27
la Bordeta,2021,3,832.5,67.68292682926828,19
Sants - Badal,2021,3,805.9,59.696296296296296,10
Sants,2021,3,836.7,64.86046511627907,39
les Corts,2021,3,1017.0,71.11888111888112,64
la Maternitat i Sant Ramon,2021,3,982.9,75.6076923076923,45
Pedralbes,2021,3,1816.5,114.96835443037976,34
"Vallvidrera, el Tibidabo i les Planes",2021,3,1009.5,88.55263157894737,12
Sarrià,2021,3,1345.2,83.5527950310559,29
les Tres Torres,2021,3,1566.5,101.06451612903226,27
Sant Gervasi - la Bonanova,2021,3,1159.6,75.7908496732026,38
Sant Gervasi - Galvany,2021,3,1352.5,92.00680272108843,72
el Putxet i el Farró,2021,3,1004.7,71.25531914893618,9
Vallcarca i els Penitents,2021,3,961.0,69.63768115942028,26
el Coll,2021,3,755.5,58.565891472868216,3
la Salut,2021,3,934.6,73.015625,13
la Vila de Gràcia,2021,3,891.6,62.7887323943662,38
el Camp d'en Grassot i Gràcia Nova,2021,3,899.7,65.67153284671534,24
el Baix Guinardó,2021,3,836.3,65.85039370078741,26
Can Baró,2021,3,753.7,59.81746031746032,9
el Guinardó,2021,3,823.6,64.85039370078741,14
la Font d'en Fargues,2021,3,817.3,65.91129032258064,3
el Carmel,2021,3,679.3,57.08403361344537,13
la Teixonera,2021,3,686.3,58.65811965811966,3
Sant Genís dels Agudells,2021,3,785.6,70.77477477477478,13
Montbau,2021,3,745.9,66.00884955752211,8
la Vall d'Hebron,2021,3,878.1,72.5702479338843,16
Horta,2021,3,754.9,62.38842975206612,32
Vilapicina i la Torre Llobeta,2021,3,747.5,66.1504424778761,18
Porta,2021,3,712.8,60.92307692307692,19
el Turó de la Peira,2021,3,681.8,60.875,10
la Guineueta,2021,3,653.2,69.48936170212767,15
Canyelles,2021,3,769.9,76.99,10
les Roquetes,2021,3,628.7,54.66956521739131,11
Verdun,2021,3,666.6,55.55,4
la Prosperitat,2021,3,669.5,57.71551724137931,17
la Trinitat Nova,2021,3,610.4,52.62068965517241,10
Ciutat Meridiana,2021,3,547.7,58.89247311827957,3
la Trinitat Vella,2021,3,585.0,57.352941176470594,25
el Bon Pastor,2021,3,644.1,63.14705882352942,38
Sant Andreu,2021,3,792.9,65.52892561983471,36
la Sagrera,2021,3,772.8,66.05128205128206,27
el Congrés i els Indians,2021,3,751.9,64.81896551724138,7
Navas,2021,3,805.3,69.42241379310344,19
el Camp de l'Arpa del Clot,2021,3,830.8,63.41984732824427,36
el Clot,2021,3,822.2,63.24615384615385,42
el Parc i la Llacuna del Poblenou,2021,3,1024.4,68.29333333333334,22
la Vila Olímpica del Poblenou,2021,3,1343.1,82.9074074074074,25
el Poblenou,2021,3,971.3,66.52739726027397,31
Diagonal Mar i el Front Marítim del Poblenou,2021,3,1162.9,68.81065088757397,23
el Besòs i el Maresme,2021,3,736.1,60.83471074380166,24
Provençals del Poblenou,2021,3,962.7,71.84328358208955,38
Sant Martí de Provençals,2021,3,804.2,69.32758620689656,9
la Verneda i la Pau,2021,3,752.9,68.44545454545454,15
el Raval,2021,4,772.8,58.99236641221374,37
el Barri Gòtic,2021,4,953.0,76.85483870967742,34
la Barceloneta,2021,4,877.9,53.53048780487805,39
"Sant Pere, Santa Caterina i la Ribera",2021,4,922.8,65.91428571428571,32
el Fort Pienc,2021,4,976.9,73.45112781954887,77
la Sagrada Família,2021,4,924.4,67.47445255474453,103
la Dreta de l'Eixample,2021,4,1220.8,90.42962962962964,226
l'Antiga Esquerra de l'Eixample,2021,4,1114.9,79.63571428571429,137
la Nova Esquerra de l'Eixample,2021,4,965.9,71.0220588235294,95
Sant Antoni,2021,4,955.7,71.32089552238806,62
el Poble Sec,2021,4,777.9,56.78102189781022,62
la Marina de Port,2021,4,691.9,67.83333333333334,48
la Font de la Guatlla,2021,4,827.2,63.63076923076923,18
Hostafrancs,2021,4,809.5,60.41044776119403,26
la Bordeta,2021,4,872.5,68.1640625,28
Sants - Badal,2021,4,800.0,61.53846153846154,18
Sants,2021,4,833.7,63.159090909090914,47
les Corts,2021,4,1052.8,74.14084507042253,78
la Maternitat i Sant Ramon,2021,4,920.6,70.27480916030535,60
Pedralbes,2021,4,1679.3,113.4662162162162,37
"Vallvidrera, el Tibidabo i les Planes",2021,4,1214.5,67.47222222222223,13
Sarrià,2021,4,1292.9,80.80625,42
les Tres Torres,2021,4,1597.4,97.40243902439026,27
Sant Gervasi - la Bonanova,2021,4,1219.6,79.19480519480518,66
Sant Gervasi - Galvany,2021,4,1433.7,98.19863013698632,104
el Putxet i el Farró,2021,4,998.3,68.37671232876713,21
Vallcarca i els Penitents,2021,4,920.1,66.19424460431655,36
el Coll,2021,4,754.5,59.88095238095238,8
la Salut,2021,4,899.9,70.85826771653544,18
la Vila de Gràcia,2021,4,920.9,64.3986013986014,60
el Camp d'en Grassot i Gràcia Nova,2021,4,926.5,66.17857142857143,39
el Baix Guinardó,2021,4,821.0,64.64566929133859,42
Can Baró,2021,4,757.7,61.10483870967742,3
el Guinardó,2021,4,802.6,63.19685039370079,19
la Font d'en Fargues,2021,4,835.3,69.60833333333333,14
el Carmel,2021,4,683.8,56.51239669421487,24
la Teixonera,2021,4,739.7,56.900000000000006,9
Sant Genís dels Agudells,2021,4,675.7,71.1263157894737,13
Montbau,2021,4,744.2,65.28070175438597,13
la Vall d'Hebron,2021,4,859.1,65.08333333333334,33
Horta,2021,4,760.4,62.84297520661157,46
Vilapicina i la Torre Llobeta,2021,4,803.7,68.11016949152543,28
Porta,2021,4,740.4,64.38260869565217,22
el Turó de la Peira,2021,4,691.9,60.165217391304346,15
la Guineueta,2021,4,664.2,70.65957446808511,21
Canyelles,2021,4,763.3,82.07526881720429,10
les Roquetes,2021,4,605.5,55.55045871559633,13
Verdun,2021,4,647.7,54.42857142857143,5
la Prosperitat,2021,4,683.9,57.95762711864406,21
la Trinitat Nova,2021,4,557.0,48.43478260869565,17
la Trinitat Vella,2021,4,626.6,61.43137254901961,19
el Bon Pastor,2021,4,696.8,63.345454545454544,41
Sant Andreu,2021,4,754.0,63.89830508474576,42
la Sagrera,2021,4,798.6,63.888000000000005,17
el Congrés i els Indians,2021,4,799.2,65.50819672131148,18
Navas,2021,4,825.4,68.78333333333333,15
el Camp de l'Arpa del Clot,2021,4,842.1,64.28244274809161,58
el Clot,2021,4,833.8,64.63565891472868,52
el Parc i la Llacuna del Poblenou,2021,4,1040.7,69.84563758389262,19
la Vila Olímpica del Poblenou,2021,4,1364.7,84.7639751552795,23
el Poblenou,2021,4,970.7,67.88111888111888,37
Diagonal Mar i el Front Marítim del Poblenou,2021,4,1205.3,79.29605263157895,31
el Besòs i el Maresme,2021,4,700.5,64.8611111111111,20
Provençals del Poblenou,2021,4,977.8,70.85507246376811,41
Sant Martí de Provençals,2021,4,826.2,70.61538461538463,19
la Verneda i la Pau,2021,4,752.0,66.54867256637168,19
el Raval,2022,1,917.0,59.16129032258065,37
el Barri Gòtic,2022,1,1181.6,68.69767441860465,32
la Barceloneta,2022,1,999.8,46.93896713615023,29
"Sant Pere, Santa Caterina i la Ribera",2022,1,1022.8,66.84967320261437,26
el Fort Pienc,2022,1,957.9,70.95555555555555,64
la Sagrada Família,2022,1,984.3,65.18543046357615,61
la Dreta de l'Eixample,2022,1,1294.8,91.1830985915493,238
l'Antiga Esquerra de l'Eixample,2022,1,1105.7,77.32167832167832,117
la Nova Esquerra de l'Eixample,2022,1,1009.3,71.58156028368793,72
Sant Antoni,2022,1,999.9,69.4375,65
el Poble Sec,2022,1,846.2,57.56462585034014,42
la Marina de Port,2022,1,728.7,70.0673076923077,24
la Font de la Guatlla,2022,1,823.9,61.94736842105263,10
Hostafrancs,2022,1,835.7,60.55797101449275,26
la Bordeta,2022,1,971.8,79.0081300813008,20
Sants - Badal,2022,1,805.4,60.556390977443606,16
Sants,2022,1,849.4,62.0,44
les Corts,2022,1,995.0,69.58041958041957,74
la Maternitat i Sant Ramon,2022,1,1018.6,72.24113475177305,55
Pedralbes,2022,1,1649.8,112.2312925170068,30
"Vallvidrera, el Tibidabo i les Planes",2022,1,1102.2,89.60975609756098,5
Sarrià,2022,1,1362.6,77.86285714285714,35
les Tres Torres,2022,1,1630.8,92.65909090909088,28
Sant Gervasi - la Bonanova,2022,1,1195.0,84.1549295774648,66
Sant Gervasi - Galvany,2022,1,1341.5,92.51724137931036,89
el Putxet i el Farró,2022,1,1054.9,71.27702702702703,29
Vallcarca i els Penitents,2022,1,947.8,69.69117647058823,26
el Coll,2022,1,809.9,60.440298507462686,7
la Salut,2022,1,874.3,65.24626865671641,10
la Vila de Gràcia,2022,1,986.0,64.02597402597402,29
el Camp d'en Grassot i Gràcia Nova,2022,1,957.9,67.45774647887325,32
el Baix Guinardó,2022,1,834.7,64.20769230769231,23
Can Baró,2022,1,737.6,55.87878787878788,3
el Guinardó,2022,1,801.7,61.19847328244276,32
la Font d'en Fargues,2022,1,784.7,67.06837606837608,9
el Carmel,2022,1,671.3,56.88983050847457,15
la Teixonera,2022,1,723.9,57.0,9
Sant Genís dels Agudells,2022,1,706.4,67.27619047619048,12
Montbau,2022,1,736.1,67.53211009174312,10
la Vall d'Hebron,2022,1,888.9,71.112,13
Horta,2022,1,740.3,64.37391304347825,40
Vilapicina i la Torre Llobeta,2022,1,767.0,63.91666666666666,14
Porta,2022,1,718.5,59.3801652892562,16
el Turó de la Peira,2022,1,662.8,57.63478260869565,3
la Guineueta,2022,1,644.7,67.86315789473684,6
Canyelles,2022,1,655.0,81.875,7
les Roquetes,2022,1,641.2,55.75652173913044,14
Verdun,2022,1,652.7,54.39166666666667,3
la Prosperitat,2022,1,687.2,56.79338842975207,18
la Trinitat Nova,2022,1,591.0,50.94827586206897,5
Ciutat Meridiana,2022,1,517.7,59.5057471264368,4
la Trinitat Vella,2022,1,616.9,61.07920792079208,20
el Bon Pastor,2022,1,702.6,67.5576923076923,34
Sant Andreu,2022,1,800.9,64.58870967741935,37
la Sagrera,2022,1,751.5,61.59836065573771,15
el Congrés i els Indians,2022,1,795.8,68.01709401709402,15
Navas,2022,1,847.2,69.44262295081968,25
el Camp de l'Arpa del Clot,2022,1,841.5,62.798507462686565,42
el Clot,2022,1,861.2,67.28125,23
el Parc i la Llacuna del Poblenou,2022,1,1089.2,70.72727272727273,35
la Vila Olímpica del Poblenou,2022,1,1305.0,72.09944751381215,25
el Poblenou,2022,1,967.9,64.52666666666667,30
Diagonal Mar i el Front Marítim del Poblenou,2022,1,964.7,64.31333333333333,34
el Besòs i el Maresme,2022,1,796.9,66.40833333333333,15
Provençals del Poblenou,2022,1,939.2,69.57037037037037,41
Sant Martí de Provençals,2022,1,796.4,69.85964912280701,10
la Verneda i la Pau,2022,1,733.9,67.3302752293578,16
el Raval,2022,2,872.0,59.31972789115647,48
el Barri Gòtic,2022,2,1062.5,72.27891156462586,39
la Barceloneta,2022,2,900.5,54.24698795180723,54
"Sant Pere, Santa Caterina i la Ribera",2022,2,1051.4,66.54430379746836,46
el Fort Pienc,2022,2,1106.9,77.95070422535213,66
la Sagrada Família,2022,2,985.9,67.06802721088435,85
la Dreta de l'Eixample,2022,2,1328.6,92.26388888888889,270
l'Antiga Esquerra de l'Eixample,2022,2,1174.6,79.36486486486486,121
la Nova Esquerra de l'Eixample,2022,2,1012.2,69.80689655172414,75
Sant Antoni,2022,2,1004.3,72.77536231884058,54
el Poble Sec,2022,2,879.3,57.47058823529411,58
la Marina de Port,2022,2,638.8,65.18367346938774,28
la Font de la Guatlla,2022,2,912.1,66.57664233576642,20
Hostafrancs,2022,2,826.2,59.869565217391305,29
la Bordeta,2022,2,1025.0,76.49253731343283,25
Sants - Badal,2022,2,848.5,60.60714285714285,9
Sants,2022,2,885.6,64.64233576642336,37
les Corts,2022,2,1067.8,72.14864864864865,70
la Maternitat i Sant Ramon,2022,2,993.1,69.93661971830987,66
Pedralbes,2022,2,1944.5,133.18493150684932,40
"Vallvidrera, el Tibidabo i les Planes",2022,2,894.9,67.28571428571428,8
Sarrià,2022,2,1349.3,77.10285714285715,42
les Tres Torres,2022,2,1767.0,104.55621301775147,28
Sant Gervasi - la Bonanova,2022,2,1369.1,83.48170731707317,58
Sant Gervasi - Galvany,2022,2,1484.5,95.7741935483871,110
el Putxet i el Farró,2022,2,1108.6,70.61146496815286,19
Vallcarca i els Penitents,2022,2,969.3,68.2605633802817,27
el Coll,2022,2,759.2,62.22950819672132,5
la Salut,2022,2,1010.3,70.15972222222221,15
la Vila de Gràcia,2022,2,982.6,63.8051948051948,39
el Camp d'en Grassot i Gràcia Nova,2022,2,977.8,67.90277777777777,31
el Baix Guinardó,2022,2,903.9,64.1063829787234,38
Can Baró,2022,2,812.4,62.97674418604651,3
el Guinardó,2022,2,810.0,63.77952755905512,26
la Font d'en Fargues,2022,2,840.1,63.6439393939394,8
el Carmel,2022,2,725.8,57.6031746031746,27
la Teixonera,2022,2,786.5,60.5,7
Sant Genís dels Agudells,2022,2,720.3,66.08256880733944,3
Montbau,2022,2,750.7,67.02678571428572,9
la Vall d'Hebron,2022,2,865.3,61.80714285714286,19
Horta,2022,2,794.2,63.536,31
Vilapicina i la Torre Llobeta,2022,2,855.5,65.8076923076923,19
Porta,2022,2,728.5,61.73728813559322,19
el Turó de la Peira,2022,2,709.8,61.72173913043478,3
la Guineueta,2022,2,748.8,70.64150943396226,13
Canyelles,2022,2,851.3,86.8673469387755,8
les Roquetes,2022,2,632.9,52.30578512396694,17
Verdun,2022,2,609.0,52.95652173913044,7
la Prosperitat,2022,2,693.3,57.29752066115702,15
la Trinitat Nova,2022,2,574.9,49.99130434782609,15
Ciutat Meridiana,2022,2,577.3,56.04854368932038,4
la Trinitat Vella,2022,2,620.0,56.88073394495412,20
el Bon Pastor,2022,2,732.6,63.70434782608696,31
Sant Andreu,2022,2,788.2,63.56451612903226,47
la Sagrera,2022,2,803.5,63.76984126984127,17
el Congrés i els Indians,2022,2,784.3,66.46610169491525,5
Navas,2022,2,878.4,71.41463414634146,27
el Camp de l'Arpa del Clot,2022,2,875.1,62.9568345323741,54
el Clot,2022,2,884.0,65.48148148148148,37
el Parc i la Llacuna del Poblenou,2022,2,1173.2,76.18181818181819,38
la Vila Olímpica del Poblenou,2022,2,1442.6,69.69082125603865,41
el Poblenou,2022,2,1085.6,64.23668639053254,37
Diagonal Mar i el Front Marítim del Poblenou,2022,2,1238.7,70.78285714285714,40
el Besòs i el Maresme,2022,2,779.2,63.8688524590164,19
Provençals del Poblenou,2022,2,1032.9,70.74657534246576,41
Sant Martí de Provençals,2022,2,843.0,70.84033613445378,21
la Verneda i la Pau,2022,2,757.0,66.40350877192982,16
el Raval,2022,3,928.1,60.26623376623377,40
el Barri Gòtic,2022,3,1111.3,70.33544303797468,35
la Barceloneta,2022,3,922.9,52.43749999999999,38
"Sant Pere, Santa Caterina i la Ribera",2022,3,1084.9,63.81764705882353,27
el Fort Pienc,2022,3,1118.7,74.58,82
la Sagrada Família,2022,3,1038.7,67.44805194805195,82
la Dreta de l'Eixample,2022,3,1445.6,96.37333333333332,217
l'Antiga Esquerra de l'Eixample,2022,3,1252.2,79.7579617834395,108
la Nova Esquerra de l'Eixample,2022,3,1113.9,71.86451612903227,87
Sant Antoni,2022,3,1072.2,73.9448275862069,64
el Poble Sec,2022,3,888.3,58.44078947368421,57
la Marina de Port,2022,3,785.9,70.8018018018018,27
la Font de la Guatlla,2022,3,971.9,67.96503496503496,13
Hostafrancs,2022,3,910.5,62.36301369863014,42
la Bordeta,2022,3,1136.7,82.3695652173913,29
Sants - Badal,2022,3,930.1,62.42281879194631,14
Sants,2022,3,940.3,64.84827586206896,34
les Corts,2022,3,1203.4,75.68553459119497,58
la Maternitat i Sant Ramon,2022,3,1107.2,74.30872483221476,39
Pedralbes,2022,3,1946.1,119.3926380368098,20
"Vallvidrera, el Tibidabo i les Planes",2022,3,1364.7,94.11724137931034,11
Sarrià,2022,3,1541.4,82.42780748663102,28
les Tres Torres,2022,3,1990.2,103.65625,20
Sant Gervasi - la Bonanova,2022,3,1473.1,89.82317073170732,43
Sant Gervasi - Galvany,2022,3,1550.1,94.51829268292684,68
el Putxet i el Farró,2022,3,1149.9,70.54601226993866,20
Vallcarca i els Penitents,2022,3,1073.6,69.71428571428571,39
el Coll,2022,3,839.9,65.6171875,3
la Salut,2022,3,997.5,74.44029850746269,14
la Vila de Gràcia,2022,3,1043.4,64.80745341614907,26
el Camp d'en Grassot i Gràcia Nova,2022,3,1032.5,65.76433121019109,37
el Baix Guinardó,2022,3,948.7,64.5374149659864,35
Can Baró,2022,3,831.9,59.84892086330935,2
el Guinardó,2022,3,872.6,63.69343065693431,26
la Font d'en Fargues,2022,3,880.3,63.78985507246376,12
el Carmel,2022,3,753.2,56.2089552238806,20
la Teixonera,2022,3,810.5,62.34615384615385,3
Sant Genís dels Agudells,2022,3,759.0,69.63302752293578,14
Montbau,2022,3,853.5,66.6796875,5
la Vall d'Hebron,2022,3,907.3,64.34751773049645,11
Horta,2022,3,814.1,64.10236220472441,36
Vilapicina i la Torre Llobeta,2022,3,838.6,66.03149606299213,13
Porta,2022,3,765.7,63.28099173553719,20
el Turó de la Peira,2022,3,760.5,61.33064516129032,4
la Guineueta,2022,3,816.0,69.15254237288136,17
Canyelles,2022,3,753.15,84.62359550561797,6
les Roquetes,2022,3,676.1,54.088,16
Verdun,2022,3,660.1,54.10655737704919,5
la Prosperitat,2022,3,731.3,57.13281249999999,10
la Trinitat Nova,2022,3,661.4,48.63235294117647,16
Ciutat Meridiana,2022,3,575.3,59.30927835051546,2
la Trinitat Vella,2022,3,668.0,58.08695652173913,19
el Bon Pastor,2022,3,776.8,66.3931623931624,29
Sant Andreu,2022,3,855.6,66.32558139534883,34
la Sagrera,2022,3,850.7,63.48507462686568,22
el Congrés i els Indians,2022,3,869.1,67.37209302325581,17
Navas,2022,3,890.0,69.53125,19
el Camp de l'Arpa del Clot,2022,3,916.3,62.76027397260274,45
el Clot,2022,3,936.4,66.41134751773049,40
el Parc i la Llacuna del Poblenou,2022,3,1169.3,73.54088050314465,38
la Vila Olímpica del Poblenou,2022,3,1499.5,74.975,31
el Poblenou,2022,3,1104.2,65.33727810650889,33
Diagonal Mar i el Front Marítim del Poblenou,2022,3,1354.9,76.98295454545455,27
el Besòs i el Maresme,2022,3,761.4,61.40322580645161,27
Provençals del Poblenou,2022,3,1059.4,71.58108108108108,23
Sant Martí de Provençals,2022,3,1158.9,94.21951219512196,12
la Verneda i la Pau,2022,3,775.8,67.4608695652174,20
